event_id,event_date,store_id,product_id,quantity,unit_price_cents,updated_at
E00001,2026-09-02,S01,P002,1,549,2026-09-21T00:00:00
E00002,2026-09-03,S01,P003,3,999,2026-09-21T00:00:00
E00003,2026-09-04,S01,P004,2,999,2026-09-21T00:00:00
E00004,2026-09-05,S01,P005,1,549,2026-09-21T00:00:00
E00005,2026-09-06,S01,P006,5,4999,2026-09-21T00:00:00
E00006,2026-09-07,S01,P007,1,549,2026-09-21T00:00:00
E00007,2026-09-08,S01,P008,1,999,2026-09-21T00:00:00
E00008,2026-09-09,S01,P009,2,549,2026-09-21T00:00:00
E00009,2026-09-10,S01,P010,5,999,2026-09-21T00:00:00
E00010,2026-09-11,S01,P011,5,4999,2026-09-21T00:00:00
E00011,2026-09-12,S01,P012,2,4999,2026-09-21T00:00:00
E00012,2026-09-13,S01,P013,5,1999,2026-09-21T00:00:00
E00013,2026-09-14,S01,P014,1,999,2026-09-21T00:00:00
E00014,2026-09-15,S01,P015,4,1999,2026-09-21T00:00:00
E00015,2026-09-16,S01,P001,3,999,2026-09-21T00:00:00
E00016,2026-09-17,S01,P002,2,1999,2026-09-21T00:00:00
E00017,2026-09-18,S01,P003,1,549,2026-09-21T00:00:00
E00018,2026-09-19,S01,P004,4,549,2026-09-21T00:00:00
E00019,2026-09-20,S01,P005,3,1999,2026-09-21T00:00:00
E00020,2026-09-01,S02,P006,5,1999,2026-09-21T00:00:00
E00021,2026-09-02,S02,P007,1,4999,2026-09-21T00:00:00
E00022,2026-09-03,S02,P008,5,549,2026-09-21T00:00:00
E00023,2026-09-04,S02,P009,4,549,2026-09-21T00:00:00
E00024,2026-09-05,S02,P010,5,1999,2026-09-21T00:00:00
E00025,2026-09-06,S02,P011,5,1999,2026-09-21T00:00:00
E00026,2026-09-07,S02,P012,5,999,2026-09-21T00:00:00
E00027,2026-09-08,S02,P013,1,549,2026-09-21T00:00:00
E00028,2026-09-09,S02,P014,2,1999,2026-09-21T00:00:00
E00029,2026-09-10,S02,P015,1,999,2026-09-21T00:00:00
E00030,2026-09-11,S02,P001,1,4999,2026-09-21T00:00:00
E00031,2026-09-12,S02,P002,3,4999,2026-09-21T00:00:00
E00032,2026-09-13,S02,P003,3,999,2026-09-21T00:00:00
E00033,2026-09-14,S02,P004,3,1999,2026-09-21T00:00:00
E00034,2026-09-15,S02,P005,2,1999,2026-09-21T00:00:00
E00035,2026-09-16,S02,P006,1,999,2026-09-21T00:00:00
E00036,2026-09-17,S02,P007,5,999,2026-09-21T00:00:00
E00037,2026-09-18,S02,P008,2,4999,2026-09-21T00:00:00
E00038,2026-09-19,S02,P009,4,1999,2026-09-21T00:00:00
E00039,2026-09-20,S02,P010,5,999,2026-09-21T00:00:00
E00040,2026-09-01,S03,P011,3,549,2026-09-21T00:00:00
E00041,2026-09-02,S03,P012,2,549,2026-09-21T00:00:00
E00042,2026-09-03,S03,P013,3,4999,2026-09-21T00:00:00
E00043,2026-09-04,S03,P014,3,549,2026-09-21T00:00:00
E00044,2026-09-05,S03,P015,2,1999,2026-09-21T00:00:00
E00045,2026-09-06,S03,P001,2,4999,2026-09-21T00:00:00
E00046,2026-09-07,S03,P002,4,4999,2026-09-21T00:00:00
E00047,2026-09-08,S03,P003,2,1999,2026-09-21T00:00:00
E00048,2026-09-09,S03,P004,2,999,2026-09-21T00:00:00
E00049,2026-09-10,S03,P005,5,1999,2026-09-21T00:00:00
E00050,2026-09-11,S03,P006,5,4999,2026-09-21T00:00:00
E00051,2026-09-12,S03,P007,5,4999,2026-09-21T00:00:00
E00052,2026-09-13,S03,P008,3,999,2026-09-21T00:00:00
E00053,2026-09-14,S03,P009,2,4999,2026-09-21T00:00:00
E00054,2026-09-15,S03,P010,1,549,2026-09-21T00:00:00
E00055,2026-09-16,S03,P011,1,999,2026-09-21T00:00:00
E00056,2026-09-17,S03,P012,2,4999,2026-09-21T00:00:00
E00057,2026-09-18,S03,P013,5,549,2026-09-21T00:00:00
E00058,2026-09-19,S03,P014,4,4999,2026-09-21T00:00:00
E00059,2026-09-20,S03,P015,5,4999,2026-09-21T00:00:00
E00060,2026-09-01,S04,P001,5,1999,2026-09-21T00:00:00
E00061,2026-09-02,S04,P002,5,549,2026-09-21T00:00:00
E00062,2026-09-03,S04,P003,1,1999,2026-09-21T00:00:00
E00063,2026-09-04,S04,P004,3,549,2026-09-21T00:00:00
E00064,2026-09-05,S04,P005,3,4999,2026-09-21T00:00:00
E00065,2026-09-06,S04,P006,2,4999,2026-09-21T00:00:00
E00066,2026-09-07,S04,P007,1,1999,2026-09-21T00:00:00
E00067,2026-09-08,S04,P008,5,999,2026-09-21T00:00:00
E00068,2026-09-09,S04,P009,5,549,2026-09-21T00:00:00
E00069,2026-09-10,S04,P010,3,999,2026-09-21T00:00:00
E00070,2026-09-11,S04,P011,2,1999,2026-09-21T00:00:00
E00071,2026-09-12,S04,P012,2,549,2026-09-21T00:00:00
E00072,2026-09-13,S04,P013,5,1999,2026-09-21T00:00:00
E00073,2026-09-14,S04,P014,4,549,2026-09-21T00:00:00
E00074,2026-09-15,S04,P015,1,1999,2026-09-21T00:00:00
E00075,2026-09-16,S04,P001,3,999,2026-09-21T00:00:00
E00076,2026-09-17,S04,P002,1,999,2026-09-21T00:00:00
E00077,2026-09-18,S04,P003,5,549,2026-09-21T00:00:00
E00078,2026-09-19,S04,P004,1,4999,2026-09-21T00:00:00
E00079,2026-09-20,S04,P005,1,999,2026-09-21T00:00:00
E00080,2026-09-01,S01,P006,2,4999,2026-09-21T00:00:00
E00081,2026-09-02,S01,P007,5,999,2026-09-21T00:00:00
E00082,2026-09-03,S01,P008,3,4999,2026-09-21T00:00:00
E00083,2026-09-04,S01,P009,2,999,2026-09-21T00:00:00
E00084,2026-09-05,S01,P010,3,4999,2026-09-21T00:00:00
E00085,2026-09-06,S01,P011,3,4999,2026-09-21T00:00:00
E00086,2026-09-07,S01,P012,5,4999,2026-09-21T00:00:00
E00087,2026-09-08,S01,P013,1,999,2026-09-21T00:00:00
E00088,2026-09-09,S01,P014,2,549,2026-09-21T00:00:00
E00089,2026-09-10,S01,P015,3,549,2026-09-21T00:00:00
E00090,2026-09-11,S01,P001,5,999,2026-09-21T00:00:00
E00091,2026-09-12,S01,P002,5,999,2026-09-21T00:00:00
E00092,2026-09-13,S01,P003,1,549,2026-09-21T00:00:00
E00093,2026-09-14,S01,P004,1,999,2026-09-21T00:00:00
E00094,2026-09-15,S01,P005,1,549,2026-09-21T00:00:00
E00095,2026-09-16,S01,P006,3,549,2026-09-21T00:00:00
E00096,2026-09-17,S01,P007,5,999,2026-09-21T00:00:00
E00097,2026-09-18,S01,P008,3,4999,2026-09-21T00:00:00
E00098,2026-09-19,S01,P009,2,999,2026-09-21T00:00:00
E00099,2026-09-20,S01,P010,5,4999,2026-09-21T00:00:00
E00100,2026-09-01,S02,P011,2,4999,2026-09-21T00:00:00
E00101,2026-09-02,S02,P012,4,999,2026-09-21T00:00:00
E00102,2026-09-03,S02,P013,1,549,2026-09-21T00:00:00
E00103,2026-09-04,S02,P014,4,1999,2026-09-21T00:00:00
E00104,2026-09-05,S02,P015,4,4999,2026-09-21T00:00:00
E00105,2026-09-06,S02,P001,4,549,2026-09-21T00:00:00
E00106,2026-09-07,S02,P002,1,549,2026-09-21T00:00:00
E00107,2026-09-08,S02,P003,4,1999,2026-09-21T00:00:00
E00108,2026-09-09,S02,P004,1,999,2026-09-21T00:00:00
E00109,2026-09-10,S02,P005,2,999,2026-09-21T00:00:00
E00110,2026-09-11,S02,P006,5,4999,2026-09-21T00:00:00
E00111,2026-09-12,S02,P007,2,4999,2026-09-21T00:00:00
E00112,2026-09-13,S02,P008,2,1999,2026-09-21T00:00:00
E00113,2026-09-14,S02,P009,4,999,2026-09-21T00:00:00
E00114,2026-09-15,S02,P010,1,4999,2026-09-21T00:00:00
E00115,2026-09-16,S02,P011,5,549,2026-09-21T00:00:00
E00116,2026-09-17,S02,P012,1,549,2026-09-21T00:00:00
E00117,2026-09-18,S02,P013,1,999,2026-09-21T00:00:00
E00118,2026-09-19,S02,P014,2,4999,2026-09-21T00:00:00
E00119,2026-09-20,S02,P015,4,4999,2026-09-21T00:00:00
E00120,2026-09-01,S03,P001,2,4999,2026-09-21T00:00:00
E00121,2026-09-02,S03,P002,1,999,2026-09-21T00:00:00
E00122,2026-09-03,S03,P003,4,549,2026-09-21T00:00:00
E00123,2026-09-04,S03,P004,4,1999,2026-09-21T00:00:00
E00124,2026-09-05,S03,P005,4,1999,2026-09-21T00:00:00
E00125,2026-09-06,S03,P006,4,4999,2026-09-21T00:00:00
E00126,2026-09-07,S03,P007,2,999,2026-09-21T00:00:00
E00127,2026-09-08,S03,P008,3,999,2026-09-21T00:00:00
E00128,2026-09-09,S03,P009,1,549,2026-09-21T00:00:00
E00129,2026-09-10,S03,P010,3,549,2026-09-21T00:00:00
E00130,2026-09-11,S03,P011,1,4999,2026-09-21T00:00:00
E00131,2026-09-12,S03,P012,5,999,2026-09-21T00:00:00
E00132,2026-09-13,S03,P013,1,549,2026-09-21T00:00:00
E00133,2026-09-14,S03,P014,2,549,2026-09-21T00:00:00
E00134,2026-09-15,S03,P015,5,549,2026-09-21T00:00:00
E00135,2026-09-16,S03,P001,2,4999,2026-09-21T00:00:00
E00136,2026-09-17,S03,P002,1,999,2026-09-21T00:00:00
E00137,2026-09-18,S03,P003,5,549,2026-09-21T00:00:00
E00138,2026-09-19,S03,P004,5,549,2026-09-21T00:00:00
E00139,2026-09-20,S03,P005,4,1999,2026-09-21T00:00:00
E00140,2026-09-01,S04,P006,3,999,2026-09-21T00:00:00
E00141,2026-09-02,S04,P007,3,999,2026-09-21T00:00:00
E00142,2026-09-03,S04,P008,3,4999,2026-09-21T00:00:00
E00143,2026-09-04,S04,P009,2,1999,2026-09-21T00:00:00
E00144,2026-09-05,S04,P010,4,1999,2026-09-21T00:00:00
E00145,2026-09-06,S04,P011,1,549,2026-09-21T00:00:00
E00146,2026-09-07,S04,P012,4,549,2026-09-21T00:00:00
E00147,2026-09-08,S04,P013,1,999,2026-09-21T00:00:00
E00148,2026-09-09,S04,P014,5,1999,2026-09-21T00:00:00
E00149,2026-09-10,S04,P015,2,1999,2026-09-21T00:00:00
E00150,2026-09-11,S04,P001,1,999,2026-09-21T00:00:00
E00151,2026-09-12,S04,P002,3,1999,2026-09-21T00:00:00
E00152,2026-09-13,S04,P003,2,4999,2026-09-21T00:00:00
E00153,2026-09-14,S04,P004,5,1999,2026-09-21T00:00:00
E00154,2026-09-15,S04,P005,5,549,2026-09-21T00:00:00
E00155,2026-09-16,S04,P006,5,1999,2026-09-21T00:00:00
E00156,2026-09-17,S04,P007,1,999,2026-09-21T00:00:00
E00157,2026-09-18,S04,P008,3,549,2026-09-21T00:00:00
E00158,2026-09-19,S04,P009,1,999,2026-09-21T00:00:00
E00159,2026-09-20,S04,P010,3,1999,2026-09-21T00:00:00
E00160,2026-09-01,S01,P011,5,999,2026-09-21T00:00:00
E00161,2026-09-02,S01,P012,3,999,2026-09-21T00:00:00
E00162,2026-09-03,S01,P013,3,4999,2026-09-21T00:00:00
E00163,2026-09-04,S01,P014,3,549,2026-09-21T00:00:00
E00164,2026-09-05,S01,P015,1,4999,2026-09-21T00:00:00
E00165,2026-09-06,S01,P001,3,549,2026-09-21T00:00:00
E00166,2026-09-07,S01,P002,1,1999,2026-09-21T00:00:00
E00167,2026-09-08,S01,P003,2,1999,2026-09-21T00:00:00
E00168,2026-09-09,S01,P004,2,4999,2026-09-21T00:00:00
E00169,2026-09-10,S01,P005,5,4999,2026-09-21T00:00:00
E00170,2026-09-11,S01,P006,5,549,2026-09-21T00:00:00
E00171,2026-09-12,S01,P007,1,549,2026-09-21T00:00:00
E00172,2026-09-13,S01,P008,2,549,2026-09-21T00:00:00
E00173,2026-09-14,S01,P009,3,999,2026-09-21T00:00:00
E00174,2026-09-15,S01,P010,4,999,2026-09-21T00:00:00
E00175,2026-09-16,S01,P011,1,1999,2026-09-21T00:00:00
E00176,2026-09-17,S01,P012,3,549,2026-09-21T00:00:00
E00177,2026-09-18,S01,P013,3,999,2026-09-21T00:00:00
E00178,2026-09-19,S01,P014,2,549,2026-09-21T00:00:00
E00179,2026-09-20,S01,P015,3,4999,2026-09-21T00:00:00
E00180,2026-09-01,S02,P001,5,999,2026-09-21T00:00:00
E00181,2026-09-02,S02,P002,2,999,2026-09-21T00:00:00
E00182,2026-09-03,S02,P003,2,4999,2026-09-21T00:00:00
E00183,2026-09-04,S02,P004,1,999,2026-09-21T00:00:00
E00184,2026-09-05,S02,P005,3,4999,2026-09-21T00:00:00
E00185,2026-09-06,S02,P006,2,1999,2026-09-21T00:00:00
E00186,2026-09-07,S02,P007,2,549,2026-09-21T00:00:00
E00187,2026-09-08,S02,P008,4,549,2026-09-21T00:00:00
E00188,2026-09-09,S02,P009,4,999,2026-09-21T00:00:00
E00189,2026-09-10,S02,P010,2,4999,2026-09-21T00:00:00
E00190,2026-09-11,S02,P011,3,1999,2026-09-21T00:00:00
E00191,2026-09-12,S02,P012,2,999,2026-09-21T00:00:00
E00192,2026-09-13,S02,P013,1,999,2026-09-21T00:00:00
E00193,2026-09-14,S02,P014,4,1999,2026-09-21T00:00:00
E00194,2026-09-15,S02,P015,3,549,2026-09-21T00:00:00
E00195,2026-09-16,S02,P001,3,1999,2026-09-21T00:00:00
E00196,2026-09-17,S02,P002,5,4999,2026-09-21T00:00:00
E00197,2026-09-18,S02,P003,5,1999,2026-09-21T00:00:00
E00198,2026-09-19,S02,P004,1,549,2026-09-21T00:00:00
E00199,2026-09-20,S02,P005,3,999,2026-09-21T00:00:00
E00200,2026-09-01,S03,P006,5,1999,2026-09-21T00:00:00
E00201,2026-09-02,S03,P007,1,549,2026-09-21T00:00:00
E00202,2026-09-03,S03,P008,5,4999,2026-09-21T00:00:00
E00203,2026-09-04,S03,P009,3,1999,2026-09-21T00:00:00
E00204,2026-09-05,S03,P010,4,549,2026-09-21T00:00:00
E00205,2026-09-06,S03,P011,4,999,2026-09-21T00:00:00
E00206,2026-09-07,S03,P012,3,549,2026-09-21T00:00:00
E00207,2026-09-08,S03,P013,4,549,2026-09-21T00:00:00
E00208,2026-09-09,S03,P014,5,999,2026-09-21T00:00:00
E00209,2026-09-10,S03,P015,3,4999,2026-09-21T00:00:00
E00210,2026-09-11,S03,P001,1,1999,2026-09-21T00:00:00
E00211,2026-09-12,S03,P002,5,1999,2026-09-21T00:00:00
E00212,2026-09-13,S03,P003,1,1999,2026-09-21T00:00:00
E00213,2026-09-14,S03,P004,5,1999,2026-09-21T00:00:00
E00214,2026-09-15,S03,P005,4,1999,2026-09-21T00:00:00
E00215,2026-09-16,S03,P006,4,1999,2026-09-21T00:00:00
E00216,2026-09-17,S03,P007,5,999,2026-09-21T00:00:00
E00217,2026-09-18,S03,P008,2,4999,2026-09-21T00:00:00
E00218,2026-09-19,S03,P009,4,999,2026-09-21T00:00:00
E00219,2026-09-20,S03,P010,5,1999,2026-09-21T00:00:00
E00220,2026-09-01,S04,P011,4,549,2026-09-21T00:00:00
E00221,2026-09-02,S04,P012,3,1999,2026-09-21T00:00:00
E00222,2026-09-03,S04,P013,2,4999,2026-09-21T00:00:00
E00223,2026-09-04,S04,P014,5,1999,2026-09-21T00:00:00
E00224,2026-09-05,S04,P015,4,4999,2026-09-21T00:00:00
E00225,2026-09-06,S04,P001,4,999,2026-09-21T00:00:00
E00226,2026-09-07,S04,P002,5,4999,2026-09-21T00:00:00
E00227,2026-09-08,S04,P003,2,549,2026-09-21T00:00:00
E00228,2026-09-09,S04,P004,3,1999,2026-09-21T00:00:00
E00229,2026-09-10,S04,P005,1,999,2026-09-21T00:00:00
E00230,2026-09-11,S04,P006,3,999,2026-09-21T00:00:00
E00231,2026-09-12,S04,P007,2,999,2026-09-21T00:00:00
E00232,2026-09-13,S04,P008,1,549,2026-09-21T00:00:00
E00233,2026-09-14,S04,P009,2,4999,2026-09-21T00:00:00
E00234,2026-09-15,S04,P010,5,549,2026-09-21T00:00:00
E00235,2026-09-16,S04,P011,4,4999,2026-09-21T00:00:00
E00236,2026-09-17,S04,P012,5,999,2026-09-21T00:00:00
E00237,2026-09-18,S04,P013,4,4999,2026-09-21T00:00:00
E00238,2026-09-19,S04,P014,4,999,2026-09-21T00:00:00
E00239,2026-09-20,S04,P015,2,549,2026-09-21T00:00:00
E00240,2026-09-01,S01,P001,1,4999,2026-09-21T00:00:00
E00241,2026-09-02,S01,P002,2,999,2026-09-21T00:00:00
E00242,2026-09-03,S01,P003,5,4999,2026-09-21T00:00:00
E00243,2026-09-04,S01,P004,1,999,2026-09-21T00:00:00
E00244,2026-09-05,S01,P005,1,4999,2026-09-21T00:00:00
E00245,2026-09-06,S01,P006,2,4999,2026-09-21T00:00:00
E00246,2026-09-07,S01,P007,5,1999,2026-09-21T00:00:00
E00247,2026-09-08,S01,P008,4,4999,2026-09-21T00:00:00
E00248,2026-09-09,S01,P009,5,4999,2026-09-21T00:00:00
E00249,2026-09-10,S01,P010,2,4999,2026-09-21T00:00:00
E00250,2026-09-11,S01,P011,4,1999,2026-09-21T00:00:00
E00251,2026-09-12,S01,P012,2,1999,2026-09-21T00:00:00
E00252,2026-09-13,S01,P013,5,4999,2026-09-21T00:00:00
E00253,2026-09-14,S01,P014,2,1999,2026-09-21T00:00:00
E00254,2026-09-15,S01,P015,4,549,2026-09-21T00:00:00
E00255,2026-09-16,S01,P001,3,999,2026-09-21T00:00:00
E00256,2026-09-17,S01,P002,3,1999,2026-09-21T00:00:00
E00257,2026-09-18,S01,P003,3,549,2026-09-21T00:00:00
E00258,2026-09-19,S01,P004,2,999,2026-09-21T00:00:00
E00259,2026-09-20,S01,P005,2,4999,2026-09-21T00:00:00
E00260,2026-09-01,S02,P006,2,999,2026-09-21T00:00:00
E00261,2026-09-02,S02,P007,1,4999,2026-09-21T00:00:00
E00262,2026-09-03,S02,P008,4,1999,2026-09-21T00:00:00
E00263,2026-09-04,S02,P009,5,4999,2026-09-21T00:00:00
E00264,2026-09-05,S02,P010,4,549,2026-09-21T00:00:00
E00265,2026-09-06,S02,P011,2,4999,2026-09-21T00:00:00
E00266,2026-09-07,S02,P012,4,549,2026-09-21T00:00:00
E00267,2026-09-08,S02,P013,5,4999,2026-09-21T00:00:00
E00268,2026-09-09,S02,P014,4,549,2026-09-21T00:00:00
E00269,2026-09-10,S02,P015,3,1999,2026-09-21T00:00:00
E00270,2026-09-11,S02,P001,4,4999,2026-09-21T00:00:00
E00271,2026-09-12,S02,P002,5,999,2026-09-21T00:00:00
E00272,2026-09-13,S02,P003,4,999,2026-09-21T00:00:00
E00273,2026-09-14,S02,P004,3,4999,2026-09-21T00:00:00
E00274,2026-09-15,S02,P005,4,549,2026-09-21T00:00:00
E00275,2026-09-16,S02,P006,4,1999,2026-09-21T00:00:00
E00276,2026-09-17,S02,P007,4,999,2026-09-21T00:00:00
E00277,2026-09-18,S02,P008,4,999,2026-09-21T00:00:00
E00278,2026-09-19,S02,P009,5,549,2026-09-21T00:00:00
E00279,2026-09-20,S02,P010,4,549,2026-09-21T00:00:00
E00280,2026-09-01,S03,P011,1,4999,2026-09-21T00:00:00
E00281,2026-09-02,S03,P012,2,4999,2026-09-21T00:00:00
E00282,2026-09-03,S03,P013,2,549,2026-09-21T00:00:00
E00283,2026-09-04,S03,P014,3,4999,2026-09-21T00:00:00
E00284,2026-09-05,S03,P015,3,999,2026-09-21T00:00:00
E00285,2026-09-06,S03,P001,4,1999,2026-09-21T00:00:00
E00286,2026-09-07,S03,P002,3,4999,2026-09-21T00:00:00
E00287,2026-09-08,S03,P003,3,4999,2026-09-21T00:00:00
E00288,2026-09-09,S03,P004,3,549,2026-09-21T00:00:00
E00289,2026-09-10,S03,P005,4,549,2026-09-21T00:00:00
E00290,2026-09-11,S03,P006,5,549,2026-09-21T00:00:00
E00291,2026-09-12,S03,P007,3,999,2026-09-21T00:00:00
E00292,2026-09-13,S03,P008,1,549,2026-09-21T00:00:00
E00293,2026-09-14,S03,P009,1,999,2026-09-21T00:00:00
E00294,2026-09-15,S03,P010,2,549,2026-09-21T00:00:00
E00295,2026-09-16,S03,P011,5,999,2026-09-21T00:00:00
E00296,2026-09-17,S03,P012,2,999,2026-09-21T00:00:00
E00297,2026-09-18,S03,P013,4,549,2026-09-21T00:00:00
E00298,2026-09-19,S03,P014,5,999,2026-09-21T00:00:00
E00299,2026-09-20,S03,P015,4,1999,2026-09-21T00:00:00
E00300,2026-09-01,S04,P001,3,999,2026-09-21T00:00:00
E00301,2026-09-02,S04,P002,5,549,2026-09-21T00:00:00
E00302,2026-09-03,S04,P003,2,1999,2026-09-21T00:00:00
E00303,2026-09-04,S04,P004,1,549,2026-09-21T00:00:00
E00304,2026-09-05,S04,P005,3,4999,2026-09-21T00:00:00
E00305,2026-09-06,S04,P006,4,999,2026-09-21T00:00:00
E00306,2026-09-07,S04,P007,1,999,2026-09-21T00:00:00
E00307,2026-09-08,S04,P008,1,1999,2026-09-21T00:00:00
E00308,2026-09-09,S04,P009,5,549,2026-09-21T00:00:00
E00309,2026-09-10,S04,P010,5,549,2026-09-21T00:00:00
E00310,2026-09-11,S04,P011,3,4999,2026-09-21T00:00:00
E00311,2026-09-12,S04,P012,3,549,2026-09-21T00:00:00
E00312,2026-09-13,S04,P013,5,1999,2026-09-21T00:00:00
E00313,2026-09-14,S04,P014,1,4999,2026-09-21T00:00:00
E00314,2026-09-15,S04,P015,4,549,2026-09-21T00:00:00
E00315,2026-09-16,S04,P001,4,1999,2026-09-21T00:00:00
E00316,2026-09-17,S04,P002,4,999,2026-09-21T00:00:00
E00317,2026-09-18,S04,P003,4,999,2026-09-21T00:00:00
E00318,2026-09-19,S04,P004,5,1999,2026-09-21T00:00:00
E00319,2026-09-20,S04,P005,5,4999,2026-09-21T00:00:00
E00320,2026-09-01,S01,P006,4,4999,2026-09-21T00:00:00
E00321,2026-09-02,S01,P007,5,1999,2026-09-21T00:00:00
E00322,2026-09-03,S01,P008,3,999,2026-09-21T00:00:00
E00323,2026-09-04,S01,P009,1,1999,2026-09-21T00:00:00
E00324,2026-09-05,S01,P010,4,999,2026-09-21T00:00:00
E00325,2026-09-06,S01,P011,4,4999,2026-09-21T00:00:00
E00326,2026-09-07,S01,P012,3,549,2026-09-21T00:00:00
E00327,2026-09-08,S01,P013,4,1999,2026-09-21T00:00:00
E00328,2026-09-09,S01,P014,2,4999,2026-09-21T00:00:00
E00329,2026-09-10,S01,P015,2,1999,2026-09-21T00:00:00
E00330,2026-09-11,S01,P001,3,1999,2026-09-21T00:00:00
E00331,2026-09-12,S01,P002,3,1999,2026-09-21T00:00:00
E00332,2026-09-13,S01,P003,5,549,2026-09-21T00:00:00
E00333,2026-09-14,S01,P004,5,999,2026-09-21T00:00:00
E00334,2026-09-15,S01,P005,1,999,2026-09-21T00:00:00
E00335,2026-09-16,S01,P006,4,4999,2026-09-21T00:00:00
E00336,2026-09-17,S01,P007,5,999,2026-09-21T00:00:00
E00337,2026-09-18,S01,P008,4,4999,2026-09-21T00:00:00
E00338,2026-09-19,S01,P009,4,549,2026-09-21T00:00:00
E00339,2026-09-20,S01,P010,1,1999,2026-09-21T00:00:00
E00340,2026-09-01,S02,P011,2,4999,2026-09-21T00:00:00
E00341,2026-09-02,S02,P012,2,1999,2026-09-21T00:00:00
E00342,2026-09-03,S02,P013,5,1999,2026-09-21T00:00:00
E00343,2026-09-04,S02,P014,4,1999,2026-09-21T00:00:00
E00344,2026-09-05,S02,P015,4,1999,2026-09-21T00:00:00
E00345,2026-09-06,S02,P001,3,4999,2026-09-21T00:00:00
E00346,2026-09-07,S02,P002,3,1999,2026-09-21T00:00:00
E00347,2026-09-08,S02,P003,3,999,2026-09-21T00:00:00
E00348,2026-09-09,S02,P004,1,999,2026-09-21T00:00:00
E00349,2026-09-10,S02,P005,3,549,2026-09-21T00:00:00
E00350,2026-09-11,S02,P006,5,999,2026-09-21T00:00:00
E00351,2026-09-12,S02,P007,2,999,2026-09-21T00:00:00
E00352,2026-09-13,S02,P008,4,1999,2026-09-21T00:00:00
E00353,2026-09-14,S02,P009,5,1999,2026-09-21T00:00:00
E00354,2026-09-15,S02,P010,1,999,2026-09-21T00:00:00
E00355,2026-09-16,S02,P011,3,999,2026-09-21T00:00:00
E00356,2026-09-17,S02,P012,3,999,2026-09-21T00:00:00
E00357,2026-09-18,S02,P013,3,549,2026-09-21T00:00:00
E00358,2026-09-19,S02,P014,5,999,2026-09-21T00:00:00
E00359,2026-09-20,S02,P015,3,549,2026-09-21T00:00:00
E00360,2026-09-01,S03,P001,1,1999,2026-09-21T00:00:00
E00361,2026-09-02,S03,P002,2,4999,2026-09-21T00:00:00
E00362,2026-09-03,S03,P003,1,549,2026-09-21T00:00:00
E00363,2026-09-04,S03,P004,5,1999,2026-09-21T00:00:00
E00364,2026-09-05,S03,P005,4,4999,2026-09-21T00:00:00
E00365,2026-09-06,S03,P006,4,1999,2026-09-21T00:00:00
E00366,2026-09-07,S03,P007,2,549,2026-09-21T00:00:00
E00367,2026-09-08,S03,P008,3,4999,2026-09-21T00:00:00
E00368,2026-09-09,S03,P009,1,549,2026-09-21T00:00:00
E00369,2026-09-10,S03,P010,4,4999,2026-09-21T00:00:00
E00370,2026-09-11,S03,P011,1,549,2026-09-21T00:00:00
E00371,2026-09-12,S03,P012,2,999,2026-09-21T00:00:00
E00372,2026-09-13,S03,P013,5,1999,2026-09-21T00:00:00
E00373,2026-09-14,S03,P014,1,999,2026-09-21T00:00:00
E00374,2026-09-15,S03,P015,1,4999,2026-09-21T00:00:00
E00375,2026-09-16,S03,P001,5,999,2026-09-21T00:00:00
E00376,2026-09-17,S03,P002,5,4999,2026-09-21T00:00:00
E00377,2026-09-18,S03,P003,4,4999,2026-09-21T00:00:00
E00378,2026-09-19,S03,P004,3,4999,2026-09-21T00:00:00
E00379,2026-09-20,S03,P005,3,549,2026-09-21T00:00:00
E00380,2026-09-01,S04,P006,5,549,2026-09-21T00:00:00
E00381,2026-09-02,S04,P007,2,999,2026-09-21T00:00:00
E00382,2026-09-03,S04,P008,3,549,2026-09-21T00:00:00
E00383,2026-09-04,S04,P009,2,999,2026-09-21T00:00:00
E00384,2026-09-05,S04,P010,2,549,2026-09-21T00:00:00
E00385,2026-09-06,S04,P011,2,549,2026-09-21T00:00:00
E00386,2026-09-07,S04,P012,4,4999,2026-09-21T00:00:00
E00387,2026-09-08,S04,P013,5,4999,2026-09-21T00:00:00
E00388,2026-09-09,S04,P014,3,549,2026-09-21T00:00:00
E00389,2026-09-10,S04,P015,2,1999,2026-09-21T00:00:00
E00390,2026-09-11,S04,P001,3,4999,2026-09-21T00:00:00
E00391,2026-09-12,S04,P002,1,999,2026-09-21T00:00:00
E00392,2026-09-13,S04,P003,3,999,2026-09-21T00:00:00
E00393,2026-09-14,S04,P004,4,549,2026-09-21T00:00:00
E00394,2026-09-15,S04,P005,5,999,2026-09-21T00:00:00
E00395,2026-09-16,S04,P006,2,1999,2026-09-21T00:00:00
E00396,2026-09-17,S04,P007,2,549,2026-09-21T00:00:00
E00397,2026-09-18,S04,P008,1,999,2026-09-21T00:00:00
E00398,2026-09-19,S04,P009,3,1999,2026-09-21T00:00:00
E00399,2026-09-20,S04,P010,4,549,2026-09-21T00:00:00
E00400,2026-09-01,S01,P011,4,1999,2026-09-21T00:00:00
E00401,2026-09-02,S01,P012,4,1999,2026-09-21T00:00:00
E00402,2026-09-03,S01,P013,5,4999,2026-09-21T00:00:00
E00403,2026-09-04,S01,P014,4,549,2026-09-21T00:00:00
E00404,2026-09-05,S01,P015,5,549,2026-09-21T00:00:00
E00405,2026-09-06,S01,P001,4,1999,2026-09-21T00:00:00
E00406,2026-09-07,S01,P002,5,1999,2026-09-21T00:00:00
E00407,2026-09-08,S01,P003,1,549,2026-09-21T00:00:00
E00408,2026-09-09,S01,P004,2,549,2026-09-21T00:00:00
E00409,2026-09-10,S01,P005,3,549,2026-09-21T00:00:00
E00410,2026-09-11,S01,P006,2,4999,2026-09-21T00:00:00
E00411,2026-09-12,S01,P007,5,4999,2026-09-21T00:00:00
E00412,2026-09-13,S01,P008,3,999,2026-09-21T00:00:00
E00413,2026-09-14,S01,P009,5,4999,2026-09-21T00:00:00
E00414,2026-09-15,S01,P010,4,549,2026-09-21T00:00:00
E00415,2026-09-16,S01,P011,4,1999,2026-09-21T00:00:00
E00416,2026-09-17,S01,P012,4,1999,2026-09-21T00:00:00
E00417,2026-09-18,S01,P013,3,549,2026-09-21T00:00:00
E00418,2026-09-19,S01,P014,2,1999,2026-09-21T00:00:00
E00419,2026-09-20,S01,P015,4,4999,2026-09-21T00:00:00
E00420,2026-09-01,S02,P001,3,4999,2026-09-21T00:00:00
E00421,2026-09-02,S02,P002,5,549,2026-09-21T00:00:00
E00422,2026-09-03,S02,P003,4,549,2026-09-21T00:00:00
E00423,2026-09-04,S02,P004,3,1999,2026-09-21T00:00:00
E00424,2026-09-05,S02,P005,3,549,2026-09-21T00:00:00
E00425,2026-09-06,S02,P006,4,549,2026-09-21T00:00:00
E00426,2026-09-07,S02,P007,5,4999,2026-09-21T00:00:00
E00427,2026-09-08,S02,P008,4,549,2026-09-21T00:00:00
E00428,2026-09-09,S02,P009,2,1999,2026-09-21T00:00:00
E00429,2026-09-10,S02,P010,5,4999,2026-09-21T00:00:00
E00430,2026-09-11,S02,P011,4,549,2026-09-21T00:00:00
E00431,2026-09-12,S02,P012,2,1999,2026-09-21T00:00:00
E00432,2026-09-13,S02,P013,5,999,2026-09-21T00:00:00
E00433,2026-09-14,S02,P014,3,4999,2026-09-21T00:00:00
E00434,2026-09-15,S02,P015,4,549,2026-09-21T00:00:00
E00435,2026-09-16,S02,P001,1,999,2026-09-21T00:00:00
E00436,2026-09-17,S02,P002,2,1999,2026-09-21T00:00:00
E00437,2026-09-18,S02,P003,5,549,2026-09-21T00:00:00
E00438,2026-09-19,S02,P004,5,4999,2026-09-21T00:00:00
E00439,2026-09-20,S02,P005,1,999,2026-09-21T00:00:00
E00440,2026-09-01,S03,P006,1,4999,2026-09-21T00:00:00
E00441,2026-09-02,S03,P007,1,999,2026-09-21T00:00:00
E00442,2026-09-03,S03,P008,4,1999,2026-09-21T00:00:00
E00443,2026-09-04,S03,P009,5,1999,2026-09-21T00:00:00
E00444,2026-09-05,S03,P010,4,4999,2026-09-21T00:00:00
E00445,2026-09-06,S03,P011,4,999,2026-09-21T00:00:00
E00446,2026-09-07,S03,P012,4,999,2026-09-21T00:00:00
E00447,2026-09-08,S03,P013,4,999,2026-09-21T00:00:00
E00448,2026-09-09,S03,P014,5,999,2026-09-21T00:00:00
E00449,2026-09-10,S03,P015,1,1999,2026-09-21T00:00:00
E00450,2026-09-11,S03,P001,4,1999,2026-09-21T00:00:00
E00451,2026-09-12,S03,P002,5,1999,2026-09-21T00:00:00
E00452,2026-09-13,S03,P003,1,1999,2026-09-21T00:00:00
E00453,2026-09-14,S03,P004,3,4999,2026-09-21T00:00:00
E00454,2026-09-15,S03,P005,2,4999,2026-09-21T00:00:00
E00455,2026-09-16,S03,P006,5,4999,2026-09-21T00:00:00
E00456,2026-09-17,S03,P007,3,1999,2026-09-21T00:00:00
E00457,2026-09-18,S03,P008,5,4999,2026-09-21T00:00:00
E00458,2026-09-19,S03,P009,4,1999,2026-09-21T00:00:00
E00459,2026-09-20,S03,P010,2,999,2026-09-21T00:00:00
E00460,2026-09-01,S04,P011,5,4999,2026-09-21T00:00:00
E00461,2026-09-02,S04,P012,2,4999,2026-09-21T00:00:00
E00462,2026-09-03,S04,P013,1,1999,2026-09-21T00:00:00
E00463,2026-09-04,S04,P014,4,4999,2026-09-21T00:00:00
E00464,2026-09-05,S04,P015,4,999,2026-09-21T00:00:00
E00465,2026-09-06,S04,P001,4,549,2026-09-21T00:00:00
E00466,2026-09-07,S04,P002,2,1999,2026-09-21T00:00:00
E00467,2026-09-08,S04,P003,1,4999,2026-09-21T00:00:00
E00468,2026-09-09,S04,P004,1,4999,2026-09-21T00:00:00
E00469,2026-09-10,S04,P005,1,999,2026-09-21T00:00:00
E00470,2026-09-11,S04,P006,4,999,2026-09-21T00:00:00
E00471,2026-09-12,S04,P007,1,4999,2026-09-21T00:00:00
E00472,2026-09-13,S04,P008,3,1999,2026-09-21T00:00:00
E00473,2026-09-14,S04,P009,5,4999,2026-09-21T00:00:00
E00474,2026-09-15,S04,P010,1,1999,2026-09-21T00:00:00
E00475,2026-09-16,S04,P011,5,4999,2026-09-21T00:00:00
E00476,2026-09-17,S04,P012,3,4999,2026-09-21T00:00:00
E00477,2026-09-18,S04,P013,5,549,2026-09-21T00:00:00
E00478,2026-09-19,S04,P014,5,549,2026-09-21T00:00:00
E00479,2026-09-20,S04,P015,2,1999,2026-09-21T00:00:00
E00480,2026-09-01,S01,P001,2,549,2026-09-21T00:00:00
E00481,2026-09-02,S01,P002,4,549,2026-09-21T00:00:00
E00482,2026-09-03,S01,P003,1,4999,2026-09-21T00:00:00
E00483,2026-09-04,S01,P004,2,1999,2026-09-21T00:00:00
E00484,2026-09-05,S01,P005,1,549,2026-09-21T00:00:00
E00485,2026-09-06,S01,P006,3,549,2026-09-21T00:00:00
E00486,2026-09-07,S01,P007,3,1999,2026-09-21T00:00:00
E00487,2026-09-08,S01,P008,3,4999,2026-09-21T00:00:00
E00488,2026-09-09,S01,P009,2,999,2026-09-21T00:00:00
E00489,2026-09-10,S01,P010,5,4999,2026-09-21T00:00:00
E00490,2026-09-11,S01,P011,5,999,2026-09-21T00:00:00
E00491,2026-09-12,S01,P012,2,999,2026-09-21T00:00:00
E00492,2026-09-13,S01,P013,1,4999,2026-09-21T00:00:00
E00493,2026-09-14,S01,P014,5,999,2026-09-21T00:00:00
E00494,2026-09-15,S01,P015,4,999,2026-09-21T00:00:00
E00495,2026-09-16,S01,P001,2,4999,2026-09-21T00:00:00
E00496,2026-09-17,S01,P002,3,4999,2026-09-21T00:00:00
E00497,2026-09-18,S01,P003,3,549,2026-09-21T00:00:00
E00498,2026-09-19,S01,P004,4,1999,2026-09-21T00:00:00
E00499,2026-09-20,S01,P005,5,999,2026-09-21T00:00:00
E00500,2026-09-01,S02,P006,1,4999,2026-09-21T00:00:00
E00501,2026-09-02,S02,P007,3,1999,2026-09-21T00:00:00
E00502,2026-09-03,S02,P008,4,1999,2026-09-21T00:00:00
E00503,2026-09-04,S02,P009,4,1999,2026-09-21T00:00:00
E00504,2026-09-05,S02,P010,2,4999,2026-09-21T00:00:00
E00505,2026-09-06,S02,P011,4,549,2026-09-21T00:00:00
E00506,2026-09-07,S02,P012,2,4999,2026-09-21T00:00:00
E00507,2026-09-08,S02,P013,5,1999,2026-09-21T00:00:00
E00508,2026-09-09,S02,P014,5,1999,2026-09-21T00:00:00
E00509,2026-09-10,S02,P015,3,549,2026-09-21T00:00:00
E00510,2026-09-11,S02,P001,4,1999,2026-09-21T00:00:00
E00511,2026-09-12,S02,P002,1,549,2026-09-21T00:00:00
E00512,2026-09-13,S02,P003,5,4999,2026-09-21T00:00:00
E00513,2026-09-14,S02,P004,3,999,2026-09-21T00:00:00
E00514,2026-09-15,S02,P005,5,1999,2026-09-21T00:00:00
E00515,2026-09-16,S02,P006,2,999,2026-09-21T00:00:00
E00516,2026-09-17,S02,P007,5,1999,2026-09-21T00:00:00
E00517,2026-09-18,S02,P008,2,549,2026-09-21T00:00:00
E00518,2026-09-19,S02,P009,1,1999,2026-09-21T00:00:00
E00519,2026-09-20,S02,P010,4,549,2026-09-21T00:00:00
E00520,2026-09-01,S03,P011,5,1999,2026-09-21T00:00:00
E00521,2026-09-02,S03,P012,2,549,2026-09-21T00:00:00
E00522,2026-09-03,S03,P013,3,1999,2026-09-21T00:00:00
E00523,2026-09-04,S03,P014,4,999,2026-09-21T00:00:00
E00524,2026-09-05,S03,P015,2,999,2026-09-21T00:00:00
E00525,2026-09-06,S03,P001,5,1999,2026-09-21T00:00:00
E00526,2026-09-07,S03,P002,5,1999,2026-09-21T00:00:00
E00527,2026-09-08,S03,P003,2,1999,2026-09-21T00:00:00
E00528,2026-09-09,S03,P004,4,1999,2026-09-21T00:00:00
E00529,2026-09-10,S03,P005,3,549,2026-09-21T00:00:00
E00530,2026-09-11,S03,P006,4,549,2026-09-21T00:00:00
E00531,2026-09-12,S03,P007,2,999,2026-09-21T00:00:00
E00532,2026-09-13,S03,P008,4,1999,2026-09-21T00:00:00
E00533,2026-09-14,S03,P009,1,4999,2026-09-21T00:00:00
E00534,2026-09-15,S03,P010,1,1999,2026-09-21T00:00:00
E00535,2026-09-16,S03,P011,5,549,2026-09-21T00:00:00
E00536,2026-09-17,S03,P012,4,1999,2026-09-21T00:00:00
E00537,2026-09-18,S03,P013,3,4999,2026-09-21T00:00:00
E00538,2026-09-19,S03,P014,3,549,2026-09-21T00:00:00
E00539,2026-09-20,S03,P015,2,4999,2026-09-21T00:00:00
E00540,2026-09-01,S04,P001,1,1999,2026-09-21T00:00:00
E00541,2026-09-02,S04,P002,5,999,2026-09-21T00:00:00
E00542,2026-09-03,S04,P003,1,4999,2026-09-21T00:00:00
E00543,2026-09-04,S04,P004,3,4999,2026-09-21T00:00:00
E00544,2026-09-05,S04,P005,1,999,2026-09-21T00:00:00
E00545,2026-09-06,S04,P006,1,549,2026-09-21T00:00:00
E00546,2026-09-07,S04,P007,3,4999,2026-09-21T00:00:00
E00547,2026-09-08,S04,P008,1,549,2026-09-21T00:00:00
E00548,2026-09-09,S04,P009,2,999,2026-09-21T00:00:00
E00549,2026-09-10,S04,P010,4,4999,2026-09-21T00:00:00
E00550,2026-09-11,S04,P011,3,4999,2026-09-21T00:00:00
E00551,2026-09-12,S04,P012,5,999,2026-09-21T00:00:00
E00552,2026-09-13,S04,P013,4,549,2026-09-21T00:00:00
E00553,2026-09-14,S04,P014,4,4999,2026-09-21T00:00:00
E00554,2026-09-15,S04,P015,3,549,2026-09-21T00:00:00
E00555,2026-09-16,S04,P001,3,999,2026-09-21T00:00:00
E00556,2026-09-17,S04,P002,4,4999,2026-09-21T00:00:00
E00557,2026-09-18,S04,P003,2,1999,2026-09-21T00:00:00
E00558,2026-09-19,S04,P004,1,1999,2026-09-21T00:00:00
E00559,2026-09-20,S04,P005,5,1999,2026-09-21T00:00:00
E00560,2026-09-01,S01,P006,1,4999,2026-09-21T00:00:00
E00561,2026-09-02,S01,P007,3,999,2026-09-21T00:00:00
E00562,2026-09-03,S01,P008,1,4999,2026-09-21T00:00:00
E00563,2026-09-04,S01,P009,1,999,2026-09-21T00:00:00
E00564,2026-09-05,S01,P010,5,549,2026-09-21T00:00:00
E00565,2026-09-06,S01,P011,1,1999,2026-09-21T00:00:00
E00566,2026-09-07,S01,P012,2,999,2026-09-21T00:00:00
E00567,2026-09-08,S01,P013,5,999,2026-09-21T00:00:00
E00568,2026-09-09,S01,P014,1,999,2026-09-21T00:00:00
E00569,2026-09-10,S01,P015,5,999,2026-09-21T00:00:00
E00570,2026-09-11,S01,P001,2,1999,2026-09-21T00:00:00
E00571,2026-09-12,S01,P002,2,549,2026-09-21T00:00:00
E00572,2026-09-13,S01,P003,3,999,2026-09-21T00:00:00
E00573,2026-09-14,S01,P004,2,1999,2026-09-21T00:00:00
E00574,2026-09-15,S01,P005,2,549,2026-09-21T00:00:00
E00575,2026-09-16,S01,P006,1,999,2026-09-21T00:00:00
E00576,2026-09-17,S01,P007,1,1999,2026-09-21T00:00:00
E00577,2026-09-18,S01,P008,2,1999,2026-09-21T00:00:00
E00578,2026-09-19,S01,P009,1,999,2026-09-21T00:00:00
E00579,2026-09-20,S01,P010,3,549,2026-09-21T00:00:00
E00580,2026-09-01,S02,P011,2,4999,2026-09-21T00:00:00
E00581,2026-09-02,S02,P012,5,549,2026-09-21T00:00:00
E00582,2026-09-03,S02,P013,1,4999,2026-09-21T00:00:00
E00583,2026-09-04,S02,P014,4,1999,2026-09-21T00:00:00
E00584,2026-09-05,S02,P015,5,549,2026-09-21T00:00:00
E00585,2026-09-06,S02,P001,4,999,2026-09-21T00:00:00
E00586,2026-09-07,S02,P002,5,549,2026-09-21T00:00:00
E00587,2026-09-08,S02,P003,5,1999,2026-09-21T00:00:00
E00588,2026-09-09,S02,P004,4,549,2026-09-21T00:00:00
E00589,2026-09-10,S02,P005,1,4999,2026-09-21T00:00:00
E00590,2026-09-11,S02,P006,4,4999,2026-09-21T00:00:00
E00591,2026-09-12,S02,P007,1,4999,2026-09-21T00:00:00
E00592,2026-09-13,S02,P008,4,549,2026-09-21T00:00:00
E00593,2026-09-14,S02,P009,1,1999,2026-09-21T00:00:00
E00594,2026-09-15,S02,P010,5,999,2026-09-21T00:00:00
E00595,2026-09-16,S02,P011,1,999,2026-09-21T00:00:00
E00596,2026-09-17,S02,P012,3,1999,2026-09-21T00:00:00
E00597,2026-09-18,S02,P013,4,1999,2026-09-21T00:00:00
E00598,2026-09-19,S02,P014,4,4999,2026-09-21T00:00:00
E00599,2026-09-20,S02,P015,1,549,2026-09-21T00:00:00
E00600,2026-09-01,S03,P001,5,999,2026-09-21T00:00:00
E00601,2026-09-02,S03,P002,4,4999,2026-09-21T00:00:00
E00602,2026-09-03,S03,P003,2,4999,2026-09-21T00:00:00
E00603,2026-09-04,S03,P004,3,4999,2026-09-21T00:00:00
E00604,2026-09-05,S03,P005,4,4999,2026-09-21T00:00:00
E00605,2026-09-06,S03,P006,1,1999,2026-09-21T00:00:00
E00606,2026-09-07,S03,P007,4,1999,2026-09-21T00:00:00
E00607,2026-09-08,S03,P008,3,1999,2026-09-21T00:00:00
E00608,2026-09-09,S03,P009,2,4999,2026-09-21T00:00:00
E00609,2026-09-10,S03,P010,1,549,2026-09-21T00:00:00
E00610,2026-09-11,S03,P011,1,549,2026-09-21T00:00:00
E00611,2026-09-12,S03,P012,4,549,2026-09-21T00:00:00
E00612,2026-09-13,S03,P013,3,999,2026-09-21T00:00:00
E00613,2026-09-14,S03,P014,5,549,2026-09-21T00:00:00
E00614,2026-09-15,S03,P015,5,1999,2026-09-21T00:00:00
E00615,2026-09-16,S03,P001,1,4999,2026-09-21T00:00:00
E00616,2026-09-17,S03,P002,3,4999,2026-09-21T00:00:00
E00617,2026-09-18,S03,P003,1,1999,2026-09-21T00:00:00
E00618,2026-09-19,S03,P004,5,1999,2026-09-21T00:00:00
E00619,2026-09-20,S03,P005,3,549,2026-09-21T00:00:00
E00620,2026-09-01,S04,P006,5,999,2026-09-21T00:00:00
E00621,2026-09-02,S04,P007,2,4999,2026-09-21T00:00:00
E00622,2026-09-03,S04,P008,2,549,2026-09-21T00:00:00
E00623,2026-09-04,S04,P009,3,1999,2026-09-21T00:00:00
E00624,2026-09-05,S04,P010,1,1999,2026-09-21T00:00:00
E00625,2026-09-06,S04,P011,5,999,2026-09-21T00:00:00
E00626,2026-09-07,S04,P012,4,549,2026-09-21T00:00:00
E00627,2026-09-08,S04,P013,5,1999,2026-09-21T00:00:00
E00628,2026-09-09,S04,P014,1,999,2026-09-21T00:00:00
E00629,2026-09-10,S04,P015,3,1999,2026-09-21T00:00:00
E00630,2026-09-11,S04,P001,3,1999,2026-09-21T00:00:00
E00631,2026-09-12,S04,P002,1,999,2026-09-21T00:00:00
E00632,2026-09-13,S04,P003,2,4999,2026-09-21T00:00:00
E00633,2026-09-14,S04,P004,1,999,2026-09-21T00:00:00
E00634,2026-09-15,S04,P005,1,549,2026-09-21T00:00:00
E00635,2026-09-16,S04,P006,5,999,2026-09-21T00:00:00
E00636,2026-09-17,S04,P007,4,4999,2026-09-21T00:00:00
E00637,2026-09-18,S04,P008,4,1999,2026-09-21T00:00:00
E00638,2026-09-19,S04,P009,2,1999,2026-09-21T00:00:00
E00639,2026-09-20,S04,P010,3,1999,2026-09-21T00:00:00
E00640,2026-09-01,S01,P011,5,549,2026-09-21T00:00:00
E00641,2026-09-02,S01,P012,1,999,2026-09-21T00:00:00
E00642,2026-09-03,S01,P013,2,549,2026-09-21T00:00:00
E00643,2026-09-04,S01,P014,1,1999,2026-09-21T00:00:00
E00644,2026-09-05,S01,P015,4,4999,2026-09-21T00:00:00
E00645,2026-09-06,S01,P001,4,4999,2026-09-21T00:00:00
E00646,2026-09-07,S01,P002,4,1999,2026-09-21T00:00:00
E00647,2026-09-08,S01,P003,2,549,2026-09-21T00:00:00
E00648,2026-09-09,S01,P004,3,4999,2026-09-21T00:00:00
E00649,2026-09-10,S01,P005,1,1999,2026-09-21T00:00:00
E00650,2026-09-11,S01,P006,5,4999,2026-09-21T00:00:00
E00651,2026-09-12,S01,P007,5,1999,2026-09-21T00:00:00
E00652,2026-09-13,S01,P008,1,999,2026-09-21T00:00:00
E00653,2026-09-14,S01,P009,4,549,2026-09-21T00:00:00
E00654,2026-09-15,S01,P010,1,999,2026-09-21T00:00:00
E00655,2026-09-16,S01,P011,3,999,2026-09-21T00:00:00
E00656,2026-09-17,S01,P012,2,1999,2026-09-21T00:00:00
E00657,2026-09-18,S01,P013,3,1999,2026-09-21T00:00:00
E00658,2026-09-19,S01,P014,1,549,2026-09-21T00:00:00
E00659,2026-09-20,S01,P015,4,4999,2026-09-21T00:00:00
E00660,2026-09-01,S02,P001,2,999,2026-09-21T00:00:00
E00661,2026-09-02,S02,P002,4,999,2026-09-21T00:00:00
E00662,2026-09-03,S02,P003,5,1999,2026-09-21T00:00:00
E00663,2026-09-04,S02,P004,1,4999,2026-09-21T00:00:00
E00664,2026-09-05,S02,P005,1,4999,2026-09-21T00:00:00
E00665,2026-09-06,S02,P006,1,4999,2026-09-21T00:00:00
E00666,2026-09-07,S02,P007,1,1999,2026-09-21T00:00:00
E00667,2026-09-08,S02,P008,5,4999,2026-09-21T00:00:00
E00668,2026-09-09,S02,P009,5,4999,2026-09-21T00:00:00
E00669,2026-09-10,S02,P010,4,1999,2026-09-21T00:00:00
E00670,2026-09-11,S02,P011,1,4999,2026-09-21T00:00:00
E00671,2026-09-12,S02,P012,1,1999,2026-09-21T00:00:00
E00672,2026-09-13,S02,P013,2,4999,2026-09-21T00:00:00
E00673,2026-09-14,S02,P014,3,549,2026-09-21T00:00:00
E00674,2026-09-15,S02,P015,4,549,2026-09-21T00:00:00
E00675,2026-09-16,S02,P001,2,4999,2026-09-21T00:00:00
E00676,2026-09-17,S02,P002,5,4999,2026-09-21T00:00:00
E00677,2026-09-18,S02,P003,5,549,2026-09-21T00:00:00
E00678,2026-09-19,S02,P004,4,1999,2026-09-21T00:00:00
E00679,2026-09-20,S02,P005,3,999,2026-09-21T00:00:00
E00680,2026-09-01,S03,P006,3,999,2026-09-21T00:00:00
E00681,2026-09-02,S03,P007,1,549,2026-09-21T00:00:00
E00682,2026-09-03,S03,P008,5,999,2026-09-21T00:00:00
E00683,2026-09-04,S03,P009,3,1999,2026-09-21T00:00:00
E00684,2026-09-05,S03,P010,2,999,2026-09-21T00:00:00
E00685,2026-09-06,S03,P011,1,999,2026-09-21T00:00:00
E00686,2026-09-07,S03,P012,3,999,2026-09-21T00:00:00
E00687,2026-09-08,S03,P013,2,999,2026-09-21T00:00:00
E00688,2026-09-09,S03,P014,1,999,2026-09-21T00:00:00
E00689,2026-09-10,S03,P015,4,4999,2026-09-21T00:00:00
E00690,2026-09-11,S03,P001,5,4999,2026-09-21T00:00:00
E00691,2026-09-12,S03,P002,5,1999,2026-09-21T00:00:00
E00692,2026-09-13,S03,P003,3,999,2026-09-21T00:00:00
E00693,2026-09-14,S03,P004,4,549,2026-09-21T00:00:00
E00694,2026-09-15,S03,P005,4,4999,2026-09-21T00:00:00
E00695,2026-09-16,S03,P006,3,1999,2026-09-21T00:00:00
E00696,2026-09-17,S03,P007,5,549,2026-09-21T00:00:00
E00697,2026-09-18,S03,P008,3,549,2026-09-21T00:00:00
E00698,2026-09-19,S03,P009,3,4999,2026-09-21T00:00:00
E00699,2026-09-20,S03,P010,4,549,2026-09-21T00:00:00
E00700,2026-09-01,S04,P011,1,1999,2026-09-21T00:00:00
E00701,2026-09-02,S04,P012,3,549,2026-09-21T00:00:00
E00702,2026-09-03,S04,P013,1,4999,2026-09-21T00:00:00
E00703,2026-09-04,S04,P014,4,549,2026-09-21T00:00:00
E00704,2026-09-05,S04,P015,4,999,2026-09-21T00:00:00
E00705,2026-09-06,S04,P001,3,4999,2026-09-21T00:00:00
E00706,2026-09-07,S04,P002,5,999,2026-09-21T00:00:00
E00707,2026-09-08,S04,P003,1,4999,2026-09-21T00:00:00
E00708,2026-09-09,S04,P004,1,1999,2026-09-21T00:00:00
E00709,2026-09-10,S04,P005,1,999,2026-09-21T00:00:00
E00710,2026-09-11,S04,P006,1,999,2026-09-21T00:00:00
E00711,2026-09-12,S04,P007,4,4999,2026-09-21T00:00:00
E00712,2026-09-13,S04,P008,5,999,2026-09-21T00:00:00
E00713,2026-09-14,S04,P009,3,1999,2026-09-21T00:00:00
E00714,2026-09-15,S04,P010,3,4999,2026-09-21T00:00:00
E00715,2026-09-16,S04,P011,4,1999,2026-09-21T00:00:00
E00716,2026-09-17,S04,P012,5,549,2026-09-21T00:00:00
E00717,2026-09-18,S04,P013,3,549,2026-09-21T00:00:00
E00718,2026-09-19,S04,P014,3,549,2026-09-21T00:00:00
E00719,2026-09-20,S04,P015,5,4999,2026-09-21T00:00:00
E00720,2026-09-01,S01,P001,3,1999,2026-09-21T00:00:00
E00721,2026-09-02,S01,P002,5,999,2026-09-21T00:00:00
E00722,2026-09-03,S01,P003,3,549,2026-09-21T00:00:00
E00723,2026-09-04,S01,P004,5,999,2026-09-21T00:00:00
E00724,2026-09-05,S01,P005,3,1999,2026-09-21T00:00:00
E00725,2026-09-06,S01,P006,4,999,2026-09-21T00:00:00
E00726,2026-09-07,S01,P007,5,549,2026-09-21T00:00:00
E00727,2026-09-08,S01,P008,3,4999,2026-09-21T00:00:00
E00728,2026-09-09,S01,P009,3,999,2026-09-21T00:00:00
E00729,2026-09-10,S01,P010,5,549,2026-09-21T00:00:00
E00730,2026-09-11,S01,P011,4,1999,2026-09-21T00:00:00
E00731,2026-09-12,S01,P012,1,1999,2026-09-21T00:00:00
E00732,2026-09-13,S01,P013,3,999,2026-09-21T00:00:00
E00733,2026-09-14,S01,P014,2,1999,2026-09-21T00:00:00
E00734,2026-09-15,S01,P015,4,999,2026-09-21T00:00:00
E00735,2026-09-16,S01,P001,2,999,2026-09-21T00:00:00
E00736,2026-09-17,S01,P002,2,549,2026-09-21T00:00:00
E00737,2026-09-18,S01,P003,3,549,2026-09-21T00:00:00
E00738,2026-09-19,S01,P004,5,549,2026-09-21T00:00:00
E00739,2026-09-20,S01,P005,3,999,2026-09-21T00:00:00
E00740,2026-09-01,S02,P006,5,4999,2026-09-21T00:00:00
E00741,2026-09-02,S02,P007,2,999,2026-09-21T00:00:00
E00742,2026-09-03,S02,P008,2,999,2026-09-21T00:00:00
E00743,2026-09-04,S02,P009,4,549,2026-09-21T00:00:00
E00744,2026-09-05,S02,P010,4,1999,2026-09-21T00:00:00
E00745,2026-09-06,S02,P011,2,4999,2026-09-21T00:00:00
E00746,2026-09-07,S02,P012,5,1999,2026-09-21T00:00:00
E00747,2026-09-08,S02,P013,4,999,2026-09-21T00:00:00
E00748,2026-09-09,S02,P014,5,999,2026-09-21T00:00:00
E00749,2026-09-10,S02,P015,3,4999,2026-09-21T00:00:00
E00750,2026-09-11,S02,P001,2,1999,2026-09-21T00:00:00
E00751,2026-09-12,S02,P002,5,4999,2026-09-21T00:00:00
E00752,2026-09-13,S02,P003,4,1999,2026-09-21T00:00:00
E00753,2026-09-14,S02,P004,4,4999,2026-09-21T00:00:00
E00754,2026-09-15,S02,P005,2,999,2026-09-21T00:00:00
E00755,2026-09-16,S02,P006,5,999,2026-09-21T00:00:00
E00756,2026-09-17,S02,P007,3,549,2026-09-21T00:00:00
E00757,2026-09-18,S02,P008,4,1999,2026-09-21T00:00:00
E00758,2026-09-19,S02,P009,5,549,2026-09-21T00:00:00
E00759,2026-09-20,S02,P010,5,549,2026-09-21T00:00:00
E00760,2026-09-01,S03,P011,3,549,2026-09-21T00:00:00
E00761,2026-09-02,S03,P012,2,1999,2026-09-21T00:00:00
E00762,2026-09-03,S03,P013,4,999,2026-09-21T00:00:00
E00763,2026-09-04,S03,P014,4,549,2026-09-21T00:00:00
E00764,2026-09-05,S03,P015,2,4999,2026-09-21T00:00:00
E00765,2026-09-06,S03,P001,3,549,2026-09-21T00:00:00
E00766,2026-09-07,S03,P002,4,549,2026-09-21T00:00:00
E00767,2026-09-08,S03,P003,4,1999,2026-09-21T00:00:00
E00768,2026-09-09,S03,P004,2,4999,2026-09-21T00:00:00
E00769,2026-09-10,S03,P005,1,1999,2026-09-21T00:00:00
E00770,2026-09-11,S03,P006,2,549,2026-09-21T00:00:00
E00771,2026-09-12,S03,P007,3,549,2026-09-21T00:00:00
E00772,2026-09-13,S03,P008,3,999,2026-09-21T00:00:00
E00773,2026-09-14,S03,P009,2,549,2026-09-21T00:00:00
E00774,2026-09-15,S03,P010,3,4999,2026-09-21T00:00:00
E00775,2026-09-16,S03,P011,2,4999,2026-09-21T00:00:00
E00776,2026-09-17,S03,P012,4,549,2026-09-21T00:00:00
E00777,2026-09-18,S03,P013,1,549,2026-09-21T00:00:00
E00778,2026-09-19,S03,P014,3,999,2026-09-21T00:00:00
E00779,2026-09-20,S03,P015,2,4999,2026-09-21T00:00:00
E00780,2026-09-01,S04,P001,1,1999,2026-09-21T00:00:00
E00781,2026-09-02,S04,P002,2,1999,2026-09-21T00:00:00
E00782,2026-09-03,S04,P003,1,549,2026-09-21T00:00:00
E00783,2026-09-04,S04,P004,2,4999,2026-09-21T00:00:00
E00784,2026-09-05,S04,P005,5,4999,2026-09-21T00:00:00
E00785,2026-09-06,S04,P006,1,549,2026-09-21T00:00:00
E00786,2026-09-07,S04,P007,4,549,2026-09-21T00:00:00
E00787,2026-09-08,S04,P008,5,999,2026-09-21T00:00:00
E00788,2026-09-09,S04,P009,2,1999,2026-09-21T00:00:00
E00789,2026-09-10,S04,P010,4,549,2026-09-21T00:00:00
E00790,2026-09-11,S04,P011,5,1999,2026-09-21T00:00:00
E00791,2026-09-12,S04,P012,2,4999,2026-09-21T00:00:00
E00792,2026-09-13,S04,P013,2,549,2026-09-21T00:00:00
E00793,2026-09-14,S04,P014,5,1999,2026-09-21T00:00:00
E00794,2026-09-15,S04,P015,1,549,2026-09-21T00:00:00
E00795,2026-09-16,S04,P001,4,4999,2026-09-21T00:00:00
E00796,2026-09-17,S04,P002,1,4999,2026-09-21T00:00:00
E00797,2026-09-18,S04,P003,3,1999,2026-09-21T00:00:00
E00798,2026-09-19,S04,P004,1,1999,2026-09-21T00:00:00
E00799,2026-09-20,S04,P005,1,1999,2026-09-21T00:00:00
E00800,2026-09-01,S01,P006,2,549,2026-09-21T00:00:00
E00801,2026-09-02,S01,P007,5,1999,2026-09-21T00:00:00
E00802,2026-09-03,S01,P008,2,549,2026-09-21T00:00:00
E00803,2026-09-04,S01,P009,3,1999,2026-09-21T00:00:00
E00804,2026-09-05,S01,P010,2,4999,2026-09-21T00:00:00
E00805,2026-09-06,S01,P011,4,999,2026-09-21T00:00:00
E00806,2026-09-07,S01,P012,2,549,2026-09-21T00:00:00
E00807,2026-09-08,S01,P013,4,549,2026-09-21T00:00:00
E00808,2026-09-09,S01,P014,3,999,2026-09-21T00:00:00
E00809,2026-09-10,S01,P015,1,999,2026-09-21T00:00:00
E00810,2026-09-11,S01,P001,1,1999,2026-09-21T00:00:00
E00811,2026-09-12,S01,P002,3,4999,2026-09-21T00:00:00
E00812,2026-09-13,S01,P003,5,4999,2026-09-21T00:00:00
E00813,2026-09-14,S01,P004,3,549,2026-09-21T00:00:00
E00814,2026-09-15,S01,P005,2,1999,2026-09-21T00:00:00
E00815,2026-09-16,S01,P006,3,549,2026-09-21T00:00:00
E00816,2026-09-17,S01,P007,3,1999,2026-09-21T00:00:00
E00817,2026-09-18,S01,P008,1,1999,2026-09-21T00:00:00
E00818,2026-09-19,S01,P009,4,4999,2026-09-21T00:00:00
E00819,2026-09-20,S01,P010,4,4999,2026-09-21T00:00:00
E00820,2026-09-01,S02,P011,3,999,2026-09-21T00:00:00
E00821,2026-09-02,S02,P012,4,4999,2026-09-21T00:00:00
E00822,2026-09-03,S02,P013,3,1999,2026-09-21T00:00:00
E00823,2026-09-04,S02,P014,1,4999,2026-09-21T00:00:00
E00824,2026-09-05,S02,P015,1,4999,2026-09-21T00:00:00
E00825,2026-09-06,S02,P001,5,999,2026-09-21T00:00:00
E00826,2026-09-07,S02,P002,5,1999,2026-09-21T00:00:00
E00827,2026-09-08,S02,P003,3,549,2026-09-21T00:00:00
E00828,2026-09-09,S02,P004,1,1999,2026-09-21T00:00:00
E00829,2026-09-10,S02,P005,3,1999,2026-09-21T00:00:00
E00830,2026-09-11,S02,P006,4,4999,2026-09-21T00:00:00
E00831,2026-09-12,S02,P007,2,4999,2026-09-21T00:00:00
E00832,2026-09-13,S02,P008,3,4999,2026-09-21T00:00:00
E00833,2026-09-14,S02,P009,1,1999,2026-09-21T00:00:00
E00834,2026-09-15,S02,P010,5,4999,2026-09-21T00:00:00
E00835,2026-09-16,S02,P011,3,549,2026-09-21T00:00:00
E00836,2026-09-17,S02,P012,1,4999,2026-09-21T00:00:00
E00837,2026-09-18,S02,P013,3,999,2026-09-21T00:00:00
E00838,2026-09-19,S02,P014,1,999,2026-09-21T00:00:00
E00839,2026-09-20,S02,P015,5,4999,2026-09-21T00:00:00
E00840,2026-09-01,S03,P001,1,999,2026-09-21T00:00:00
E00841,2026-09-02,S03,P002,1,999,2026-09-21T00:00:00
E00842,2026-09-03,S03,P003,3,1999,2026-09-21T00:00:00
E00843,2026-09-04,S03,P004,4,549,2026-09-21T00:00:00
E00844,2026-09-05,S03,P005,5,999,2026-09-21T00:00:00
E00845,2026-09-06,S03,P006,4,1999,2026-09-21T00:00:00
E00846,2026-09-07,S03,P007,3,4999,2026-09-21T00:00:00
E00847,2026-09-08,S03,P008,1,999,2026-09-21T00:00:00
E00848,2026-09-09,S03,P009,5,1999,2026-09-21T00:00:00
E00849,2026-09-10,S03,P010,4,1999,2026-09-21T00:00:00
E00850,2026-09-11,S03,P011,3,999,2026-09-21T00:00:00
E00851,2026-09-12,S03,P012,1,549,2026-09-21T00:00:00
E00852,2026-09-13,S03,P013,2,4999,2026-09-21T00:00:00
E00853,2026-09-14,S03,P014,5,4999,2026-09-21T00:00:00
E00854,2026-09-15,S03,P015,5,549,2026-09-21T00:00:00
E00855,2026-09-16,S03,P001,3,1999,2026-09-21T00:00:00
E00856,2026-09-17,S03,P002,4,999,2026-09-21T00:00:00
E00857,2026-09-18,S03,P003,5,1999,2026-09-21T00:00:00
E00858,2026-09-19,S03,P004,4,999,2026-09-21T00:00:00
E00859,2026-09-20,S03,P005,1,999,2026-09-21T00:00:00
E00860,2026-09-01,S04,P006,1,4999,2026-09-21T00:00:00
E00861,2026-09-02,S04,P007,2,4999,2026-09-21T00:00:00
E00862,2026-09-03,S04,P008,1,1999,2026-09-21T00:00:00
E00863,2026-09-04,S04,P009,3,549,2026-09-21T00:00:00
E00864,2026-09-05,S04,P010,5,1999,2026-09-21T00:00:00
E00865,2026-09-06,S04,P011,3,999,2026-09-21T00:00:00
E00866,2026-09-07,S04,P012,2,1999,2026-09-21T00:00:00
E00867,2026-09-08,S04,P013,5,999,2026-09-21T00:00:00
E00868,2026-09-09,S04,P014,1,999,2026-09-21T00:00:00
E00869,2026-09-10,S04,P015,2,999,2026-09-21T00:00:00
E00870,2026-09-11,S04,P001,4,549,2026-09-21T00:00:00
E00871,2026-09-12,S04,P002,3,1999,2026-09-21T00:00:00
E00872,2026-09-13,S04,P003,4,999,2026-09-21T00:00:00
E00873,2026-09-14,S04,P004,5,549,2026-09-21T00:00:00
E00874,2026-09-15,S04,P005,1,1999,2026-09-21T00:00:00
E00875,2026-09-16,S04,P006,4,4999,2026-09-21T00:00:00
E00876,2026-09-17,S04,P007,5,4999,2026-09-21T00:00:00
E00877,2026-09-18,S04,P008,4,549,2026-09-21T00:00:00
E00878,2026-09-19,S04,P009,2,1999,2026-09-21T00:00:00
E00879,2026-09-20,S04,P010,1,4999,2026-09-21T00:00:00
E00880,2026-09-01,S01,P011,4,1999,2026-09-21T00:00:00
E00881,2026-09-02,S01,P012,2,999,2026-09-21T00:00:00
E00882,2026-09-03,S01,P013,2,4999,2026-09-21T00:00:00
E00883,2026-09-04,S01,P014,5,549,2026-09-21T00:00:00
E00884,2026-09-05,S01,P015,1,999,2026-09-21T00:00:00
E00885,2026-09-06,S01,P001,3,999,2026-09-21T00:00:00
E00886,2026-09-07,S01,P002,2,1999,2026-09-21T00:00:00
E00887,2026-09-08,S01,P003,2,1999,2026-09-21T00:00:00
E00888,2026-09-09,S01,P004,5,1999,2026-09-21T00:00:00
E00889,2026-09-10,S01,P005,1,1999,2026-09-21T00:00:00
E00890,2026-09-11,S01,P006,2,1999,2026-09-21T00:00:00
E00891,2026-09-12,S01,P007,2,1999,2026-09-21T00:00:00
E00892,2026-09-13,S01,P008,5,549,2026-09-21T00:00:00
E00893,2026-09-14,S01,P009,5,999,2026-09-21T00:00:00
E00894,2026-09-15,S01,P010,5,999,2026-09-21T00:00:00
E00895,2026-09-16,S01,P011,2,1999,2026-09-21T00:00:00
E00896,2026-09-17,S01,P012,5,549,2026-09-21T00:00:00
E00897,2026-09-18,S01,P013,1,549,2026-09-21T00:00:00
E00898,2026-09-19,S01,P014,1,1999,2026-09-21T00:00:00
E00899,2026-09-20,S01,P015,2,4999,2026-09-21T00:00:00
E00900,2026-09-01,S02,P001,5,549,2026-09-21T00:00:00
E00901,2026-09-02,S02,P002,4,1999,2026-09-21T00:00:00
E00902,2026-09-03,S02,P003,3,4999,2026-09-21T00:00:00
E00903,2026-09-04,S02,P004,2,4999,2026-09-21T00:00:00
E00904,2026-09-05,S02,P005,3,4999,2026-09-21T00:00:00
E00905,2026-09-06,S02,P006,1,549,2026-09-21T00:00:00
E00906,2026-09-07,S02,P007,2,4999,2026-09-21T00:00:00
E00907,2026-09-08,S02,P008,4,4999,2026-09-21T00:00:00
E00908,2026-09-09,S02,P009,4,999,2026-09-21T00:00:00
E00909,2026-09-10,S02,P010,3,999,2026-09-21T00:00:00
E00910,2026-09-11,S02,P011,3,1999,2026-09-21T00:00:00
E00911,2026-09-12,S02,P012,3,4999,2026-09-21T00:00:00
E00912,2026-09-13,S02,P013,2,1999,2026-09-21T00:00:00
E00913,2026-09-14,S02,P014,5,549,2026-09-21T00:00:00
E00914,2026-09-15,S02,P015,3,999,2026-09-21T00:00:00
E00915,2026-09-16,S02,P001,4,549,2026-09-21T00:00:00
E00916,2026-09-17,S02,P002,3,4999,2026-09-21T00:00:00
E00917,2026-09-18,S02,P003,2,999,2026-09-21T00:00:00
E00918,2026-09-19,S02,P004,1,549,2026-09-21T00:00:00
E00919,2026-09-20,S02,P005,3,4999,2026-09-21T00:00:00
E00920,2026-09-01,S03,P006,5,4999,2026-09-21T00:00:00
E00921,2026-09-02,S03,P007,2,999,2026-09-21T00:00:00
E00922,2026-09-03,S03,P008,3,1999,2026-09-21T00:00:00
E00923,2026-09-04,S03,P009,2,999,2026-09-21T00:00:00
E00924,2026-09-05,S03,P010,4,4999,2026-09-21T00:00:00
E00925,2026-09-06,S03,P011,4,1999,2026-09-21T00:00:00
E00926,2026-09-07,S03,P012,4,549,2026-09-21T00:00:00
E00927,2026-09-08,S03,P013,1,4999,2026-09-21T00:00:00
E00928,2026-09-09,S03,P014,5,4999,2026-09-21T00:00:00
E00929,2026-09-10,S03,P015,2,999,2026-09-21T00:00:00
E00930,2026-09-11,S03,P001,5,1999,2026-09-21T00:00:00
E00931,2026-09-12,S03,P002,1,549,2026-09-21T00:00:00
E00932,2026-09-13,S03,P003,3,4999,2026-09-21T00:00:00
E00933,2026-09-14,S03,P004,5,4999,2026-09-21T00:00:00
E00934,2026-09-15,S03,P005,3,549,2026-09-21T00:00:00
E00935,2026-09-16,S03,P006,1,4999,2026-09-21T00:00:00
E00936,2026-09-17,S03,P007,2,1999,2026-09-21T00:00:00
E00937,2026-09-18,S03,P008,3,4999,2026-09-21T00:00:00
E00938,2026-09-19,S03,P009,3,549,2026-09-21T00:00:00
E00939,2026-09-20,S03,P010,4,549,2026-09-21T00:00:00
E00940,2026-09-01,S04,P011,5,999,2026-09-21T00:00:00
E00941,2026-09-02,S04,P012,3,1999,2026-09-21T00:00:00
E00942,2026-09-03,S04,P013,1,4999,2026-09-21T00:00:00
E00943,2026-09-04,S04,P014,5,4999,2026-09-21T00:00:00
E00944,2026-09-05,S04,P015,5,1999,2026-09-21T00:00:00
E00945,2026-09-06,S04,P001,5,549,2026-09-21T00:00:00
E00946,2026-09-07,S04,P002,2,549,2026-09-21T00:00:00
E00947,2026-09-08,S04,P003,4,1999,2026-09-21T00:00:00
E00948,2026-09-09,S04,P004,3,1999,2026-09-21T00:00:00
E00949,2026-09-10,S04,P005,2,999,2026-09-21T00:00:00
E00950,2026-09-11,S04,P006,5,4999,2026-09-21T00:00:00
E00951,2026-09-12,S04,P007,5,549,2026-09-21T00:00:00
E00952,2026-09-13,S04,P008,1,549,2026-09-21T00:00:00
E00953,2026-09-14,S04,P009,2,1999,2026-09-21T00:00:00
E00954,2026-09-15,S04,P010,4,4999,2026-09-21T00:00:00
E00955,2026-09-16,S04,P011,2,999,2026-09-21T00:00:00
E00956,2026-09-17,S04,P012,3,1999,2026-09-21T00:00:00
E00957,2026-09-18,S04,P013,2,4999,2026-09-21T00:00:00
E00958,2026-09-19,S04,P014,5,1999,2026-09-21T00:00:00
E00959,2026-09-20,S04,P015,5,1999,2026-09-21T00:00:00
E00960,2026-09-01,S01,P001,5,4999,2026-09-21T00:00:00
E00961,2026-09-02,S01,P002,5,1999,2026-09-21T00:00:00
E00962,2026-09-03,S01,P003,4,549,2026-09-21T00:00:00
E00963,2026-09-04,S01,P004,3,1999,2026-09-21T00:00:00
E00964,2026-09-05,S01,P005,1,4999,2026-09-21T00:00:00
E00965,2026-09-06,S01,P006,5,1999,2026-09-21T00:00:00
E00966,2026-09-07,S01,P007,1,4999,2026-09-21T00:00:00
E00967,2026-09-08,S01,P008,3,999,2026-09-21T00:00:00
E00968,2026-09-09,S01,P009,1,4999,2026-09-21T00:00:00
E00969,2026-09-10,S01,P010,2,4999,2026-09-21T00:00:00
E00970,2026-09-11,S01,P011,2,999,2026-09-21T00:00:00
E00971,2026-09-12,S01,P012,1,549,2026-09-21T00:00:00
E00972,2026-09-13,S01,P013,2,549,2026-09-21T00:00:00
E00973,2026-09-14,S01,P014,4,1999,2026-09-21T00:00:00
E00974,2026-09-15,S01,P015,4,999,2026-09-21T00:00:00
E00975,2026-09-16,S01,P001,4,999,2026-09-21T00:00:00
E00976,2026-09-17,S01,P002,4,4999,2026-09-21T00:00:00
E00977,2026-09-18,S01,P003,1,999,2026-09-21T00:00:00
E00978,2026-09-19,S01,P004,5,999,2026-09-21T00:00:00
E00979,2026-09-20,S01,P005,5,1999,2026-09-21T00:00:00
E00980,2026-09-01,S02,P006,4,4999,2026-09-21T00:00:00
E00981,2026-09-02,S02,P007,3,999,2026-09-21T00:00:00
E00982,2026-09-03,S02,P008,4,1999,2026-09-21T00:00:00
E00983,2026-09-04,S02,P009,5,1999,2026-09-21T00:00:00
E00984,2026-09-05,S02,P010,3,4999,2026-09-21T00:00:00
E00985,2026-09-06,S02,P011,2,999,2026-09-21T00:00:00
E00986,2026-09-07,S02,P012,3,1999,2026-09-21T00:00:00
E00987,2026-09-08,S02,P013,2,1999,2026-09-21T00:00:00
E00988,2026-09-09,S02,P014,3,999,2026-09-21T00:00:00
E00989,2026-09-10,S02,P015,4,1999,2026-09-21T00:00:00
E00990,2026-09-11,S02,P001,4,1999,2026-09-21T00:00:00
E00991,2026-09-12,S02,P002,5,1999,2026-09-21T00:00:00
E00992,2026-09-13,S02,P003,3,549,2026-09-21T00:00:00
E00993,2026-09-14,S02,P004,5,4999,2026-09-21T00:00:00
E00994,2026-09-15,S02,P005,4,1999,2026-09-21T00:00:00
E00995,2026-09-16,S02,P006,2,1999,2026-09-21T00:00:00
E00996,2026-09-17,S02,P007,1,1999,2026-09-21T00:00:00
E00997,2026-09-18,S02,P008,1,1999,2026-09-21T00:00:00
E00998,2026-09-19,S02,P009,4,1999,2026-09-21T00:00:00
E00999,2026-09-20,S02,P010,4,999,2026-09-21T00:00:00
E01000,2026-09-01,S03,P011,2,1999,2026-09-21T00:00:00
E01001,2026-09-02,S03,P012,5,1999,2026-09-21T00:00:00
E01002,2026-09-03,S03,P013,2,549,2026-09-21T00:00:00
E01003,2026-09-04,S03,P014,5,999,2026-09-21T00:00:00
E01004,2026-09-05,S03,P015,2,549,2026-09-21T00:00:00
E01005,2026-09-06,S03,P001,5,999,2026-09-21T00:00:00
E01006,2026-09-07,S03,P002,2,549,2026-09-21T00:00:00
E01007,2026-09-08,S03,P003,1,4999,2026-09-21T00:00:00
E01008,2026-09-09,S03,P004,3,4999,2026-09-21T00:00:00
E01009,2026-09-10,S03,P005,1,999,2026-09-21T00:00:00
E01010,2026-09-11,S03,P006,1,999,2026-09-21T00:00:00
E01011,2026-09-12,S03,P007,4,4999,2026-09-21T00:00:00
E01012,2026-09-13,S03,P008,4,999,2026-09-21T00:00:00
E01013,2026-09-14,S03,P009,3,1999,2026-09-21T00:00:00
E01014,2026-09-15,S03,P010,3,549,2026-09-21T00:00:00
E01015,2026-09-16,S03,P011,1,999,2026-09-21T00:00:00
E01016,2026-09-17,S03,P012,5,549,2026-09-21T00:00:00
E01017,2026-09-18,S03,P013,2,4999,2026-09-21T00:00:00
E01018,2026-09-19,S03,P014,2,549,2026-09-21T00:00:00
E01019,2026-09-20,S03,P015,4,4999,2026-09-21T00:00:00
E01020,2026-09-01,S04,P001,2,1999,2026-09-21T00:00:00
E01021,2026-09-02,S04,P002,1,549,2026-09-21T00:00:00
E01022,2026-09-03,S04,P003,3,549,2026-09-21T00:00:00
E01023,2026-09-04,S04,P004,3,1999,2026-09-21T00:00:00
E01024,2026-09-05,S04,P005,4,4999,2026-09-21T00:00:00
E01025,2026-09-06,S04,P006,2,4999,2026-09-21T00:00:00
E01026,2026-09-07,S04,P007,3,999,2026-09-21T00:00:00
E01027,2026-09-08,S04,P008,1,1999,2026-09-21T00:00:00
E01028,2026-09-09,S04,P009,2,4999,2026-09-21T00:00:00
E01029,2026-09-10,S04,P010,3,999,2026-09-21T00:00:00
E01030,2026-09-11,S04,P011,1,1999,2026-09-21T00:00:00
E01031,2026-09-12,S04,P012,3,999,2026-09-21T00:00:00
E01032,2026-09-13,S04,P013,2,4999,2026-09-21T00:00:00
E01033,2026-09-14,S04,P014,4,1999,2026-09-21T00:00:00
E01034,2026-09-15,S04,P015,1,4999,2026-09-21T00:00:00
E01035,2026-09-16,S04,P001,1,999,2026-09-21T00:00:00
E01036,2026-09-17,S04,P002,2,4999,2026-09-21T00:00:00
E01037,2026-09-18,S04,P003,3,999,2026-09-21T00:00:00
E01038,2026-09-19,S04,P004,1,1999,2026-09-21T00:00:00
E01039,2026-09-20,S04,P005,4,999,2026-09-21T00:00:00
E01040,2026-09-01,S01,P006,4,1999,2026-09-21T00:00:00
E01041,2026-09-02,S01,P007,3,1999,2026-09-21T00:00:00
E01042,2026-09-03,S01,P008,5,549,2026-09-21T00:00:00
E01043,2026-09-04,S01,P009,3,1999,2026-09-21T00:00:00
E01044,2026-09-05,S01,P010,2,549,2026-09-21T00:00:00
E01045,2026-09-06,S01,P011,1,4999,2026-09-21T00:00:00
E01046,2026-09-07,S01,P012,3,999,2026-09-21T00:00:00
E01047,2026-09-08,S01,P013,4,1999,2026-09-21T00:00:00
E01048,2026-09-09,S01,P014,1,1999,2026-09-21T00:00:00
E01049,2026-09-10,S01,P015,3,999,2026-09-21T00:00:00
E01050,2026-09-11,S01,P001,2,999,2026-09-21T00:00:00
E01051,2026-09-12,S01,P002,4,999,2026-09-21T00:00:00
E01052,2026-09-13,S01,P003,4,1999,2026-09-21T00:00:00
E01053,2026-09-14,S01,P004,4,4999,2026-09-21T00:00:00
E01054,2026-09-15,S01,P005,5,999,2026-09-21T00:00:00
E01055,2026-09-16,S01,P006,2,549,2026-09-21T00:00:00
E01056,2026-09-17,S01,P007,5,4999,2026-09-21T00:00:00
E01057,2026-09-18,S01,P008,5,1999,2026-09-21T00:00:00
E01058,2026-09-19,S01,P009,1,549,2026-09-21T00:00:00
E01059,2026-09-20,S01,P010,1,999,2026-09-21T00:00:00
E01060,2026-09-01,S02,P011,5,999,2026-09-21T00:00:00
E01061,2026-09-02,S02,P012,2,1999,2026-09-21T00:00:00
E01062,2026-09-03,S02,P013,5,4999,2026-09-21T00:00:00
E01063,2026-09-04,S02,P014,1,999,2026-09-21T00:00:00
E01064,2026-09-05,S02,P015,5,4999,2026-09-21T00:00:00
E01065,2026-09-06,S02,P001,1,4999,2026-09-21T00:00:00
E01066,2026-09-07,S02,P002,1,4999,2026-09-21T00:00:00
E01067,2026-09-08,S02,P003,2,4999,2026-09-21T00:00:00
E01068,2026-09-09,S02,P004,4,549,2026-09-21T00:00:00
E01069,2026-09-10,S02,P005,5,4999,2026-09-21T00:00:00
E01070,2026-09-11,S02,P006,3,549,2026-09-21T00:00:00
E01071,2026-09-12,S02,P007,4,1999,2026-09-21T00:00:00
E01072,2026-09-13,S02,P008,1,999,2026-09-21T00:00:00
E01073,2026-09-14,S02,P009,5,549,2026-09-21T00:00:00
E01074,2026-09-15,S02,P010,1,4999,2026-09-21T00:00:00
E01075,2026-09-16,S02,P011,3,549,2026-09-21T00:00:00
E01076,2026-09-17,S02,P012,5,549,2026-09-21T00:00:00
E01077,2026-09-18,S02,P013,1,4999,2026-09-21T00:00:00
E01078,2026-09-19,S02,P014,1,1999,2026-09-21T00:00:00
E01079,2026-09-20,S02,P015,4,999,2026-09-21T00:00:00
E01080,2026-09-01,S03,P001,2,4999,2026-09-21T00:00:00
E01081,2026-09-02,S03,P002,3,4999,2026-09-21T00:00:00
E01082,2026-09-03,S03,P003,4,4999,2026-09-21T00:00:00
E01083,2026-09-04,S03,P004,4,549,2026-09-21T00:00:00
E01084,2026-09-05,S03,P005,5,999,2026-09-21T00:00:00
E01085,2026-09-06,S03,P006,3,549,2026-09-21T00:00:00
E01086,2026-09-07,S03,P007,2,4999,2026-09-21T00:00:00
E01087,2026-09-08,S03,P008,5,999,2026-09-21T00:00:00
E01088,2026-09-09,S03,P009,2,549,2026-09-21T00:00:00
E01089,2026-09-10,S03,P010,1,1999,2026-09-21T00:00:00
E01090,2026-09-11,S03,P011,4,4999,2026-09-21T00:00:00
E01091,2026-09-12,S03,P012,5,4999,2026-09-21T00:00:00
E01092,2026-09-13,S03,P013,2,999,2026-09-21T00:00:00
E01093,2026-09-14,S03,P014,4,1999,2026-09-21T00:00:00
E01094,2026-09-15,S03,P015,2,1999,2026-09-21T00:00:00
E01095,2026-09-16,S03,P001,2,549,2026-09-21T00:00:00
E01096,2026-09-17,S03,P002,1,4999,2026-09-21T00:00:00
E01097,2026-09-18,S03,P003,5,549,2026-09-21T00:00:00
E01098,2026-09-19,S03,P004,2,999,2026-09-21T00:00:00
E01099,2026-09-20,S03,P005,1,549,2026-09-21T00:00:00
E01100,2026-09-01,S04,P006,5,549,2026-09-21T00:00:00
E01101,2026-09-02,S04,P007,4,549,2026-09-21T00:00:00
E01102,2026-09-03,S04,P008,2,549,2026-09-21T00:00:00
E01103,2026-09-04,S04,P009,4,4999,2026-09-21T00:00:00
E01104,2026-09-05,S04,P010,2,999,2026-09-21T00:00:00
E01105,2026-09-06,S04,P011,1,999,2026-09-21T00:00:00
E01106,2026-09-07,S04,P012,5,1999,2026-09-21T00:00:00
E01107,2026-09-08,S04,P013,2,1999,2026-09-21T00:00:00
E01108,2026-09-09,S04,P014,5,1999,2026-09-21T00:00:00
E01109,2026-09-10,S04,P015,2,1999,2026-09-21T00:00:00
E01110,2026-09-11,S04,P001,2,999,2026-09-21T00:00:00
E01111,2026-09-12,S04,P002,4,1999,2026-09-21T00:00:00
E01112,2026-09-13,S04,P003,3,549,2026-09-21T00:00:00
E01113,2026-09-14,S04,P004,5,999,2026-09-21T00:00:00
E01114,2026-09-15,S04,P005,4,4999,2026-09-21T00:00:00
E01115,2026-09-16,S04,P006,1,1999,2026-09-21T00:00:00
E01116,2026-09-17,S04,P007,4,1999,2026-09-21T00:00:00
E01117,2026-09-18,S04,P008,4,4999,2026-09-21T00:00:00
E01118,2026-09-19,S04,P009,2,1999,2026-09-21T00:00:00
E01119,2026-09-20,S04,P010,4,999,2026-09-21T00:00:00
E01120,2026-09-01,S01,P011,5,4999,2026-09-21T00:00:00
E01121,2026-09-02,S01,P012,2,999,2026-09-21T00:00:00
E01122,2026-09-03,S01,P013,3,999,2026-09-21T00:00:00
E01123,2026-09-04,S01,P014,4,549,2026-09-21T00:00:00
E01124,2026-09-05,S01,P015,5,4999,2026-09-21T00:00:00
E01125,2026-09-06,S01,P001,4,999,2026-09-21T00:00:00
E01126,2026-09-07,S01,P002,4,999,2026-09-21T00:00:00
E01127,2026-09-08,S01,P003,3,999,2026-09-21T00:00:00
E01128,2026-09-09,S01,P004,3,549,2026-09-21T00:00:00
E01129,2026-09-10,S01,P005,4,1999,2026-09-21T00:00:00
E01130,2026-09-11,S01,P006,1,999,2026-09-21T00:00:00
E01131,2026-09-12,S01,P007,1,1999,2026-09-21T00:00:00
E01132,2026-09-13,S01,P008,4,549,2026-09-21T00:00:00
E01133,2026-09-14,S01,P009,1,999,2026-09-21T00:00:00
E01134,2026-09-15,S01,P010,5,999,2026-09-21T00:00:00
E01135,2026-09-16,S01,P011,4,999,2026-09-21T00:00:00
E01136,2026-09-17,S01,P012,3,1999,2026-09-21T00:00:00
E01137,2026-09-18,S01,P013,1,999,2026-09-21T00:00:00
E01138,2026-09-19,S01,P014,2,549,2026-09-21T00:00:00
E01139,2026-09-20,S01,P015,4,999,2026-09-21T00:00:00
E01140,2026-09-01,S02,P001,5,999,2026-09-21T00:00:00
E01141,2026-09-02,S02,P002,4,999,2026-09-21T00:00:00
E01142,2026-09-03,S02,P003,5,1999,2026-09-21T00:00:00
E01143,2026-09-04,S02,P004,3,4999,2026-09-21T00:00:00
E01144,2026-09-05,S02,P005,4,1999,2026-09-21T00:00:00
E01145,2026-09-06,S02,P006,3,1999,2026-09-21T00:00:00
E01146,2026-09-07,S02,P007,3,4999,2026-09-21T00:00:00
E01147,2026-09-08,S02,P008,4,549,2026-09-21T00:00:00
E01148,2026-09-09,S02,P009,4,1999,2026-09-21T00:00:00
E01149,2026-09-10,S02,P010,2,1999,2026-09-21T00:00:00
E01150,2026-09-11,S02,P011,3,4999,2026-09-21T00:00:00
E01151,2026-09-12,S02,P012,1,999,2026-09-21T00:00:00
E01152,2026-09-13,S02,P013,2,549,2026-09-21T00:00:00
E01153,2026-09-14,S02,P014,3,4999,2026-09-21T00:00:00
E01154,2026-09-15,S02,P015,3,999,2026-09-21T00:00:00
E01155,2026-09-16,S02,P001,2,1999,2026-09-21T00:00:00
E01156,2026-09-17,S02,P002,2,4999,2026-09-21T00:00:00
E01157,2026-09-18,S02,P003,5,999,2026-09-21T00:00:00
E01158,2026-09-19,S02,P004,4,1999,2026-09-21T00:00:00
E01159,2026-09-20,S02,P005,3,4999,2026-09-21T00:00:00
E01160,2026-09-01,S03,P006,4,4999,2026-09-21T00:00:00
E01161,2026-09-02,S03,P007,2,1999,2026-09-21T00:00:00
E01162,2026-09-03,S03,P008,2,999,2026-09-21T00:00:00
E01163,2026-09-04,S03,P009,5,4999,2026-09-21T00:00:00
E01164,2026-09-05,S03,P010,2,549,2026-09-21T00:00:00
E01165,2026-09-06,S03,P011,5,549,2026-09-21T00:00:00
E01166,2026-09-07,S03,P012,1,549,2026-09-21T00:00:00
E01167,2026-09-08,S03,P013,1,4999,2026-09-21T00:00:00
E01168,2026-09-09,S03,P014,2,999,2026-09-21T00:00:00
E01169,2026-09-10,S03,P015,1,999,2026-09-21T00:00:00
E01170,2026-09-11,S03,P001,1,999,2026-09-21T00:00:00
E01171,2026-09-12,S03,P002,5,4999,2026-09-21T00:00:00
E01172,2026-09-13,S03,P003,3,549,2026-09-21T00:00:00
E01173,2026-09-14,S03,P004,5,4999,2026-09-21T00:00:00
E01174,2026-09-15,S03,P005,4,549,2026-09-21T00:00:00
E01175,2026-09-16,S03,P006,1,4999,2026-09-21T00:00:00
E01176,2026-09-17,S03,P007,1,549,2026-09-21T00:00:00
E01177,2026-09-18,S03,P008,5,1999,2026-09-21T00:00:00
E01178,2026-09-19,S03,P009,5,1999,2026-09-21T00:00:00
E01179,2026-09-20,S03,P010,1,4999,2026-09-21T00:00:00
E01180,2026-09-01,S04,P011,2,549,2026-09-21T00:00:00
E01181,2026-09-02,S04,P012,1,999,2026-09-21T00:00:00
E01182,2026-09-03,S04,P013,2,999,2026-09-21T00:00:00
E01183,2026-09-04,S04,P014,5,1999,2026-09-21T00:00:00
E01184,2026-09-05,S04,P015,3,1999,2026-09-21T00:00:00
E01185,2026-09-06,S04,P001,4,549,2026-09-21T00:00:00
E01186,2026-09-07,S04,P002,3,4999,2026-09-21T00:00:00
E01187,2026-09-08,S04,P003,4,999,2026-09-21T00:00:00
E01188,2026-09-09,S04,P004,2,1999,2026-09-21T00:00:00
E01189,2026-09-10,S04,P005,1,549,2026-09-21T00:00:00
E01190,2026-09-11,S04,P006,1,4999,2026-09-21T00:00:00
E01191,2026-09-12,S04,P007,4,4999,2026-09-21T00:00:00
E01192,2026-09-13,S04,P008,5,4999,2026-09-21T00:00:00
E01193,2026-09-14,S04,P009,1,549,2026-09-21T00:00:00
E01194,2026-09-15,S04,P010,2,549,2026-09-21T00:00:00
E01195,2026-09-16,S04,P011,4,4999,2026-09-21T00:00:00
E01196,2026-09-17,S04,P012,3,549,2026-09-21T00:00:00
E01197,2026-09-18,S04,P013,5,549,2026-09-21T00:00:00
E01198,2026-09-19,S04,P014,2,999,2026-09-21T00:00:00
E01199,2026-09-20,S04,P015,5,4999,2026-09-21T00:00:00
E01200,2026-09-01,S01,P001,3,549,2026-09-21T00:00:00
E01201,2026-09-02,S01,P002,1,1999,2026-09-21T00:00:00
E01202,2026-09-03,S01,P003,5,549,2026-09-21T00:00:00
E01203,2026-09-04,S01,P004,2,1999,2026-09-21T00:00:00
E01204,2026-09-05,S01,P005,1,999,2026-09-21T00:00:00
E01205,2026-09-06,S01,P006,5,999,2026-09-21T00:00:00
E01206,2026-09-07,S01,P007,4,549,2026-09-21T00:00:00
E01207,2026-09-08,S01,P008,3,999,2026-09-21T00:00:00
E01208,2026-09-09,S01,P009,5,999,2026-09-21T00:00:00
E01209,2026-09-10,S01,P010,5,4999,2026-09-21T00:00:00
E01210,2026-09-11,S01,P011,5,1999,2026-09-21T00:00:00
E01211,2026-09-12,S01,P012,4,999,2026-09-21T00:00:00
E01212,2026-09-13,S01,P013,1,1999,2026-09-21T00:00:00
E01213,2026-09-14,S01,P014,1,549,2026-09-21T00:00:00
E01214,2026-09-15,S01,P015,4,999,2026-09-21T00:00:00
E01215,2026-09-16,S01,P001,1,1999,2026-09-21T00:00:00
E01216,2026-09-17,S01,P002,5,4999,2026-09-21T00:00:00
E01217,2026-09-18,S01,P003,3,549,2026-09-21T00:00:00
E01218,2026-09-19,S01,P004,3,4999,2026-09-21T00:00:00
E01219,2026-09-20,S01,P005,4,999,2026-09-21T00:00:00
E01220,2026-09-01,S02,P006,3,4999,2026-09-21T00:00:00
E01221,2026-09-02,S02,P007,4,999,2026-09-21T00:00:00
E01222,2026-09-03,S02,P008,5,4999,2026-09-21T00:00:00
E01223,2026-09-04,S02,P009,1,1999,2026-09-21T00:00:00
E01224,2026-09-05,S02,P010,2,549,2026-09-21T00:00:00
E01225,2026-09-06,S02,P011,1,1999,2026-09-21T00:00:00
E01226,2026-09-07,S02,P012,2,4999,2026-09-21T00:00:00
E01227,2026-09-08,S02,P013,2,4999,2026-09-21T00:00:00
E01228,2026-09-09,S02,P014,3,1999,2026-09-21T00:00:00
E01229,2026-09-10,S02,P015,1,549,2026-09-21T00:00:00
E01230,2026-09-11,S02,P001,1,1999,2026-09-21T00:00:00
E01231,2026-09-12,S02,P002,4,1999,2026-09-21T00:00:00
E01232,2026-09-13,S02,P003,3,549,2026-09-21T00:00:00
E01233,2026-09-14,S02,P004,2,549,2026-09-21T00:00:00
E01234,2026-09-15,S02,P005,2,4999,2026-09-21T00:00:00
E01235,2026-09-16,S02,P006,4,4999,2026-09-21T00:00:00
E01236,2026-09-17,S02,P007,1,549,2026-09-21T00:00:00
E01237,2026-09-18,S02,P008,1,1999,2026-09-21T00:00:00
E01238,2026-09-19,S02,P009,5,549,2026-09-21T00:00:00
E01239,2026-09-20,S02,P010,5,1999,2026-09-21T00:00:00
E01240,2026-09-01,S03,P011,4,549,2026-09-21T00:00:00
E01241,2026-09-02,S03,P012,3,4999,2026-09-21T00:00:00
E01242,2026-09-03,S03,P013,4,549,2026-09-21T00:00:00
E01243,2026-09-04,S03,P014,5,999,2026-09-21T00:00:00
E01244,2026-09-05,S03,P015,5,999,2026-09-21T00:00:00
E01245,2026-09-06,S03,P001,4,999,2026-09-21T00:00:00
E01246,2026-09-07,S03,P002,2,1999,2026-09-21T00:00:00
E01247,2026-09-08,S03,P003,3,1999,2026-09-21T00:00:00
E01248,2026-09-09,S03,P004,4,999,2026-09-21T00:00:00
E01249,2026-09-10,S03,P005,1,999,2026-09-21T00:00:00
E01250,2026-09-11,S03,P006,4,1999,2026-09-21T00:00:00
E01251,2026-09-12,S03,P007,4,1999,2026-09-21T00:00:00
E01252,2026-09-13,S03,P008,4,549,2026-09-21T00:00:00
E01253,2026-09-14,S03,P009,3,1999,2026-09-21T00:00:00
E01254,2026-09-15,S03,P010,2,4999,2026-09-21T00:00:00
E01255,2026-09-16,S03,P011,5,999,2026-09-21T00:00:00
E01256,2026-09-17,S03,P012,4,549,2026-09-21T00:00:00
E01257,2026-09-18,S03,P013,2,1999,2026-09-21T00:00:00
E01258,2026-09-19,S03,P014,1,4999,2026-09-21T00:00:00
E01259,2026-09-20,S03,P015,3,4999,2026-09-21T00:00:00
E01260,2026-09-01,S04,P001,3,4999,2026-09-21T00:00:00
E01261,2026-09-02,S04,P002,3,4999,2026-09-21T00:00:00
E01262,2026-09-03,S04,P003,5,999,2026-09-21T00:00:00
E01263,2026-09-04,S04,P004,3,1999,2026-09-21T00:00:00
E01264,2026-09-05,S04,P005,5,999,2026-09-21T00:00:00
E01265,2026-09-06,S04,P006,4,1999,2026-09-21T00:00:00
E01266,2026-09-07,S04,P007,2,4999,2026-09-21T00:00:00
E01267,2026-09-08,S04,P008,3,1999,2026-09-21T00:00:00
E01268,2026-09-09,S04,P009,4,999,2026-09-21T00:00:00
E01269,2026-09-10,S04,P010,3,4999,2026-09-21T00:00:00
E01270,2026-09-11,S04,P011,3,4999,2026-09-21T00:00:00
E01271,2026-09-12,S04,P012,3,549,2026-09-21T00:00:00
E01272,2026-09-13,S04,P013,5,999,2026-09-21T00:00:00
E01273,2026-09-14,S04,P014,5,999,2026-09-21T00:00:00
E01274,2026-09-15,S04,P015,5,549,2026-09-21T00:00:00
E01275,2026-09-16,S04,P001,4,999,2026-09-21T00:00:00
E01276,2026-09-17,S04,P002,4,1999,2026-09-21T00:00:00
E01277,2026-09-18,S04,P003,1,4999,2026-09-21T00:00:00
E01278,2026-09-19,S04,P004,4,999,2026-09-21T00:00:00
E01279,2026-09-20,S04,P005,3,999,2026-09-21T00:00:00
E01280,2026-09-01,S01,P006,3,999,2026-09-21T00:00:00
E01281,2026-09-02,S01,P007,4,4999,2026-09-21T00:00:00
E01282,2026-09-03,S01,P008,1,4999,2026-09-21T00:00:00
E01283,2026-09-04,S01,P009,5,4999,2026-09-21T00:00:00
E01284,2026-09-05,S01,P010,5,4999,2026-09-21T00:00:00
E01285,2026-09-06,S01,P011,5,4999,2026-09-21T00:00:00
E01286,2026-09-07,S01,P012,5,549,2026-09-21T00:00:00
E01287,2026-09-08,S01,P013,3,549,2026-09-21T00:00:00
E01288,2026-09-09,S01,P014,1,999,2026-09-21T00:00:00
E01289,2026-09-10,S01,P015,3,999,2026-09-21T00:00:00
E01290,2026-09-11,S01,P001,5,549,2026-09-21T00:00:00
E01291,2026-09-12,S01,P002,5,4999,2026-09-21T00:00:00
E01292,2026-09-13,S01,P003,3,4999,2026-09-21T00:00:00
E01293,2026-09-14,S01,P004,1,549,2026-09-21T00:00:00
E01294,2026-09-15,S01,P005,1,1999,2026-09-21T00:00:00
E01295,2026-09-16,S01,P006,2,999,2026-09-21T00:00:00
E01296,2026-09-17,S01,P007,4,1999,2026-09-21T00:00:00
E01297,2026-09-18,S01,P008,4,4999,2026-09-21T00:00:00
E01298,2026-09-19,S01,P009,5,999,2026-09-21T00:00:00
E01299,2026-09-20,S01,P010,3,549,2026-09-21T00:00:00
E01300,2026-09-01,S02,P011,4,549,2026-09-21T00:00:00
E01301,2026-09-02,S02,P012,3,4999,2026-09-21T00:00:00
E01302,2026-09-03,S02,P013,1,549,2026-09-21T00:00:00
E01303,2026-09-04,S02,P014,2,1999,2026-09-21T00:00:00
E01304,2026-09-05,S02,P015,3,1999,2026-09-21T00:00:00
E01305,2026-09-06,S02,P001,4,999,2026-09-21T00:00:00
E01306,2026-09-07,S02,P002,5,4999,2026-09-21T00:00:00
E01307,2026-09-08,S02,P003,3,4999,2026-09-21T00:00:00
E01308,2026-09-09,S02,P004,1,4999,2026-09-21T00:00:00
E01309,2026-09-10,S02,P005,4,1999,2026-09-21T00:00:00
E01310,2026-09-11,S02,P006,1,1999,2026-09-21T00:00:00
E01311,2026-09-12,S02,P007,1,549,2026-09-21T00:00:00
E01312,2026-09-13,S02,P008,1,1999,2026-09-21T00:00:00
E01313,2026-09-14,S02,P009,1,999,2026-09-21T00:00:00
E01314,2026-09-15,S02,P010,2,999,2026-09-21T00:00:00
E01315,2026-09-16,S02,P011,5,999,2026-09-21T00:00:00
E01316,2026-09-17,S02,P012,3,4999,2026-09-21T00:00:00
E01317,2026-09-18,S02,P013,4,999,2026-09-21T00:00:00
E01318,2026-09-19,S02,P014,4,999,2026-09-21T00:00:00
E01319,2026-09-20,S02,P015,2,4999,2026-09-21T00:00:00
E01320,2026-09-01,S03,P001,4,549,2026-09-21T00:00:00
E01321,2026-09-02,S03,P002,5,999,2026-09-21T00:00:00
E01322,2026-09-03,S03,P003,4,4999,2026-09-21T00:00:00
E01323,2026-09-04,S03,P004,4,549,2026-09-21T00:00:00
E01324,2026-09-05,S03,P005,2,999,2026-09-21T00:00:00
E01325,2026-09-06,S03,P006,3,549,2026-09-21T00:00:00
E01326,2026-09-07,S03,P007,5,549,2026-09-21T00:00:00
E01327,2026-09-08,S03,P008,5,999,2026-09-21T00:00:00
E01328,2026-09-09,S03,P009,3,1999,2026-09-21T00:00:00
E01329,2026-09-10,S03,P010,2,4999,2026-09-21T00:00:00
E01330,2026-09-11,S03,P011,1,1999,2026-09-21T00:00:00
E01331,2026-09-12,S03,P012,4,1999,2026-09-21T00:00:00
E01332,2026-09-13,S03,P013,5,4999,2026-09-21T00:00:00
E01333,2026-09-14,S03,P014,5,4999,2026-09-21T00:00:00
E01334,2026-09-15,S03,P015,5,549,2026-09-21T00:00:00
E01335,2026-09-16,S03,P001,3,1999,2026-09-21T00:00:00
E01336,2026-09-17,S03,P002,4,999,2026-09-21T00:00:00
E01337,2026-09-18,S03,P003,3,549,2026-09-21T00:00:00
E01338,2026-09-19,S03,P004,2,1999,2026-09-21T00:00:00
E01339,2026-09-20,S03,P005,1,999,2026-09-21T00:00:00
E01340,2026-09-01,S04,P006,3,549,2026-09-21T00:00:00
E01341,2026-09-02,S04,P007,2,1999,2026-09-21T00:00:00
E01342,2026-09-03,S04,P008,2,4999,2026-09-21T00:00:00
E01343,2026-09-04,S04,P009,4,999,2026-09-21T00:00:00
E01344,2026-09-05,S04,P010,5,4999,2026-09-21T00:00:00
E01345,2026-09-06,S04,P011,4,999,2026-09-21T00:00:00
E01346,2026-09-07,S04,P012,4,999,2026-09-21T00:00:00
E01347,2026-09-08,S04,P013,5,999,2026-09-21T00:00:00
E01348,2026-09-09,S04,P014,4,1999,2026-09-21T00:00:00
E01349,2026-09-10,S04,P015,2,999,2026-09-21T00:00:00
E01350,2026-09-11,S04,P001,3,4999,2026-09-21T00:00:00
E01351,2026-09-12,S04,P002,5,549,2026-09-21T00:00:00
E01352,2026-09-13,S04,P003,3,549,2026-09-21T00:00:00
E01353,2026-09-14,S04,P004,4,999,2026-09-21T00:00:00
E01354,2026-09-15,S04,P005,2,4999,2026-09-21T00:00:00
E01355,2026-09-16,S04,P006,5,4999,2026-09-21T00:00:00
E01356,2026-09-17,S04,P007,4,4999,2026-09-21T00:00:00
E01357,2026-09-18,S04,P008,4,4999,2026-09-21T00:00:00
E01358,2026-09-19,S04,P009,4,999,2026-09-21T00:00:00
E01359,2026-09-20,S04,P010,1,549,2026-09-21T00:00:00
E01360,2026-09-01,S01,P011,2,1999,2026-09-21T00:00:00
E01361,2026-09-02,S01,P012,1,1999,2026-09-21T00:00:00
E01362,2026-09-03,S01,P013,2,1999,2026-09-21T00:00:00
E01363,2026-09-04,S01,P014,2,4999,2026-09-21T00:00:00
E01364,2026-09-05,S01,P015,5,4999,2026-09-21T00:00:00
E01365,2026-09-06,S01,P001,5,549,2026-09-21T00:00:00
E01366,2026-09-07,S01,P002,5,549,2026-09-21T00:00:00
E01367,2026-09-08,S01,P003,3,1999,2026-09-21T00:00:00
E01368,2026-09-09,S01,P004,5,549,2026-09-21T00:00:00
E01369,2026-09-10,S01,P005,4,999,2026-09-21T00:00:00
E01370,2026-09-11,S01,P006,4,549,2026-09-21T00:00:00
E01371,2026-09-12,S01,P007,2,1999,2026-09-21T00:00:00
E01372,2026-09-13,S01,P008,1,4999,2026-09-21T00:00:00
E01373,2026-09-14,S01,P009,3,1999,2026-09-21T00:00:00
E01374,2026-09-15,S01,P010,1,4999,2026-09-21T00:00:00
E01375,2026-09-16,S01,P011,1,999,2026-09-21T00:00:00
E01376,2026-09-17,S01,P012,2,1999,2026-09-21T00:00:00
E01377,2026-09-18,S01,P013,5,4999,2026-09-21T00:00:00
E01378,2026-09-19,S01,P014,2,999,2026-09-21T00:00:00
E01379,2026-09-20,S01,P015,2,999,2026-09-21T00:00:00
E01380,2026-09-01,S02,P001,1,1999,2026-09-21T00:00:00
E01381,2026-09-02,S02,P002,5,1999,2026-09-21T00:00:00
E01382,2026-09-03,S02,P003,5,999,2026-09-21T00:00:00
E01383,2026-09-04,S02,P004,3,1999,2026-09-21T00:00:00
E01384,2026-09-05,S02,P005,3,1999,2026-09-21T00:00:00
E01385,2026-09-06,S02,P006,5,549,2026-09-21T00:00:00
E01386,2026-09-07,S02,P007,2,4999,2026-09-21T00:00:00
E01387,2026-09-08,S02,P008,1,1999,2026-09-21T00:00:00
E01388,2026-09-09,S02,P009,2,999,2026-09-21T00:00:00
E01389,2026-09-10,S02,P010,2,999,2026-09-21T00:00:00
E01390,2026-09-11,S02,P011,3,999,2026-09-21T00:00:00
E01391,2026-09-12,S02,P012,4,4999,2026-09-21T00:00:00
E01392,2026-09-13,S02,P013,2,1999,2026-09-21T00:00:00
E01393,2026-09-14,S02,P014,4,4999,2026-09-21T00:00:00
E01394,2026-09-15,S02,P015,4,549,2026-09-21T00:00:00
E01395,2026-09-16,S02,P001,1,4999,2026-09-21T00:00:00
E01396,2026-09-17,S02,P002,5,1999,2026-09-21T00:00:00
E01397,2026-09-18,S02,P003,3,4999,2026-09-21T00:00:00
E01398,2026-09-19,S02,P004,4,1999,2026-09-21T00:00:00
E01399,2026-09-20,S02,P005,5,549,2026-09-21T00:00:00
E01400,2026-09-01,S03,P006,1,4999,2026-09-21T00:00:00
E01401,2026-09-02,S03,P007,3,549,2026-09-21T00:00:00
E01402,2026-09-03,S03,P008,5,4999,2026-09-21T00:00:00
E01403,2026-09-04,S03,P009,2,4999,2026-09-21T00:00:00
E01404,2026-09-05,S03,P010,2,4999,2026-09-21T00:00:00
E01405,2026-09-06,S03,P011,3,1999,2026-09-21T00:00:00
E01406,2026-09-07,S03,P012,3,1999,2026-09-21T00:00:00
E01407,2026-09-08,S03,P013,5,999,2026-09-21T00:00:00
E01408,2026-09-09,S03,P014,5,4999,2026-09-21T00:00:00
E01409,2026-09-10,S03,P015,3,549,2026-09-21T00:00:00
E01410,2026-09-11,S03,P001,1,549,2026-09-21T00:00:00
E01411,2026-09-12,S03,P002,4,549,2026-09-21T00:00:00
E01412,2026-09-13,S03,P003,1,999,2026-09-21T00:00:00
E01413,2026-09-14,S03,P004,4,4999,2026-09-21T00:00:00
E01414,2026-09-15,S03,P005,1,4999,2026-09-21T00:00:00
E01415,2026-09-16,S03,P006,2,999,2026-09-21T00:00:00
E01416,2026-09-17,S03,P007,3,999,2026-09-21T00:00:00
E01417,2026-09-18,S03,P008,3,549,2026-09-21T00:00:00
E01418,2026-09-19,S03,P009,3,1999,2026-09-21T00:00:00
E01419,2026-09-20,S03,P010,1,1999,2026-09-21T00:00:00
E01420,2026-09-01,S04,P011,2,549,2026-09-21T00:00:00
E01421,2026-09-02,S04,P012,4,1999,2026-09-21T00:00:00
E01422,2026-09-03,S04,P013,2,4999,2026-09-21T00:00:00
E01423,2026-09-04,S04,P014,1,549,2026-09-21T00:00:00
E01424,2026-09-05,S04,P015,1,999,2026-09-21T00:00:00
E01425,2026-09-06,S04,P001,4,549,2026-09-21T00:00:00
E01426,2026-09-07,S04,P002,2,999,2026-09-21T00:00:00
E01427,2026-09-08,S04,P003,5,4999,2026-09-21T00:00:00
E01428,2026-09-09,S04,P004,1,549,2026-09-21T00:00:00
E01429,2026-09-10,S04,P005,3,549,2026-09-21T00:00:00
E01430,2026-09-11,S04,P006,4,999,2026-09-21T00:00:00
E01431,2026-09-12,S04,P007,4,549,2026-09-21T00:00:00
E01432,2026-09-13,S04,P008,2,4999,2026-09-21T00:00:00
E01433,2026-09-14,S04,P009,1,549,2026-09-21T00:00:00
E01434,2026-09-15,S04,P010,1,1999,2026-09-21T00:00:00
E01435,2026-09-16,S04,P011,3,1999,2026-09-21T00:00:00
E01436,2026-09-17,S04,P012,2,4999,2026-09-21T00:00:00
E01437,2026-09-18,S04,P013,2,999,2026-09-21T00:00:00
E01438,2026-09-19,S04,P014,1,549,2026-09-21T00:00:00
E01439,2026-09-20,S04,P015,5,999,2026-09-21T00:00:00
E01440,2026-09-01,S01,P001,4,1999,2026-09-21T00:00:00
E01441,2026-09-02,S01,P002,2,999,2026-09-21T00:00:00
E01442,2026-09-03,S01,P003,4,4999,2026-09-21T00:00:00
E01443,2026-09-04,S01,P004,2,549,2026-09-21T00:00:00
E01444,2026-09-05,S01,P005,1,999,2026-09-21T00:00:00
E01445,2026-09-06,S01,P006,1,4999,2026-09-21T00:00:00
E01446,2026-09-07,S01,P007,3,4999,2026-09-21T00:00:00
E01447,2026-09-08,S01,P008,3,999,2026-09-21T00:00:00
E01448,2026-09-09,S01,P009,2,1999,2026-09-21T00:00:00
E01449,2026-09-10,S01,P010,1,999,2026-09-21T00:00:00
E01450,2026-09-11,S01,P011,5,1999,2026-09-21T00:00:00
E01451,2026-09-12,S01,P012,1,1999,2026-09-21T00:00:00
E01452,2026-09-13,S01,P013,2,999,2026-09-21T00:00:00
E01453,2026-09-14,S01,P014,4,1999,2026-09-21T00:00:00
E01454,2026-09-15,S01,P015,1,999,2026-09-21T00:00:00
E01455,2026-09-16,S01,P001,4,4999,2026-09-21T00:00:00
E01456,2026-09-17,S01,P002,1,999,2026-09-21T00:00:00
E01457,2026-09-18,S01,P003,4,549,2026-09-21T00:00:00
E01458,2026-09-19,S01,P004,5,549,2026-09-21T00:00:00
E01459,2026-09-20,S01,P005,3,1999,2026-09-21T00:00:00
E01460,2026-09-01,S02,P006,2,4999,2026-09-21T00:00:00
E01461,2026-09-02,S02,P007,5,4999,2026-09-21T00:00:00
E01462,2026-09-03,S02,P008,3,999,2026-09-21T00:00:00
E01463,2026-09-04,S02,P009,4,549,2026-09-21T00:00:00
E01464,2026-09-05,S02,P010,1,549,2026-09-21T00:00:00
E01465,2026-09-06,S02,P011,1,1999,2026-09-21T00:00:00
E01466,2026-09-07,S02,P012,2,549,2026-09-21T00:00:00
E01467,2026-09-08,S02,P013,1,4999,2026-09-21T00:00:00
E01468,2026-09-09,S02,P014,5,1999,2026-09-21T00:00:00
E01469,2026-09-10,S02,P015,5,4999,2026-09-21T00:00:00
E01470,2026-09-11,S02,P001,4,4999,2026-09-21T00:00:00
E01471,2026-09-12,S02,P002,1,999,2026-09-21T00:00:00
E01472,2026-09-13,S02,P003,3,549,2026-09-21T00:00:00
E01473,2026-09-14,S02,P004,3,549,2026-09-21T00:00:00
E01474,2026-09-15,S02,P005,5,999,2026-09-21T00:00:00
E01475,2026-09-16,S02,P006,2,1999,2026-09-21T00:00:00
E01476,2026-09-17,S02,P007,4,549,2026-09-21T00:00:00
E01477,2026-09-18,S02,P008,3,4999,2026-09-21T00:00:00
E01478,2026-09-19,S02,P009,2,549,2026-09-21T00:00:00
E01479,2026-09-20,S02,P010,2,549,2026-09-21T00:00:00
E01480,2026-09-01,S03,P011,4,549,2026-09-21T00:00:00
E01481,2026-09-02,S03,P012,4,549,2026-09-21T00:00:00
E01482,2026-09-03,S03,P013,3,999,2026-09-21T00:00:00
E01483,2026-09-04,S03,P014,1,549,2026-09-21T00:00:00
E01484,2026-09-05,S03,P015,2,549,2026-09-21T00:00:00
E01485,2026-09-06,S03,P001,2,4999,2026-09-21T00:00:00
E01486,2026-09-07,S03,P002,3,1999,2026-09-21T00:00:00
E01487,2026-09-08,S03,P003,2,1999,2026-09-21T00:00:00
E01488,2026-09-09,S03,P004,2,1999,2026-09-21T00:00:00
E01489,2026-09-10,S03,P005,1,549,2026-09-21T00:00:00
E01490,2026-09-11,S03,P006,3,4999,2026-09-21T00:00:00
E01491,2026-09-12,S03,P007,3,549,2026-09-21T00:00:00
E01492,2026-09-13,S03,P008,3,549,2026-09-21T00:00:00
E01493,2026-09-14,S03,P009,4,4999,2026-09-21T00:00:00
E01494,2026-09-15,S03,P010,5,1999,2026-09-21T00:00:00
E01495,2026-09-16,S03,P011,1,4999,2026-09-21T00:00:00
E01496,2026-09-17,S03,P012,5,999,2026-09-21T00:00:00
E01497,2026-09-18,S03,P013,3,999,2026-09-21T00:00:00
E01498,2026-09-19,S03,P014,3,549,2026-09-21T00:00:00
E01499,2026-09-20,S03,P015,5,549,2026-09-21T00:00:00
E01500,2026-09-01,S04,P001,2,549,2026-09-21T00:00:00
E01501,2026-09-02,S04,P002,1,549,2026-09-21T00:00:00
E01502,2026-09-03,S04,P003,2,549,2026-09-21T00:00:00
E01503,2026-09-04,S04,P004,4,1999,2026-09-21T00:00:00
E01504,2026-09-05,S04,P005,4,999,2026-09-21T00:00:00
E01505,2026-09-06,S04,P006,2,549,2026-09-21T00:00:00
E01506,2026-09-07,S04,P007,5,4999,2026-09-21T00:00:00
E01507,2026-09-08,S04,P008,2,1999,2026-09-21T00:00:00
E01508,2026-09-09,S04,P009,2,4999,2026-09-21T00:00:00
E01509,2026-09-10,S04,P010,3,1999,2026-09-21T00:00:00
E01510,2026-09-11,S04,P011,1,1999,2026-09-21T00:00:00
E01511,2026-09-12,S04,P012,1,549,2026-09-21T00:00:00
E01512,2026-09-13,S04,P013,2,999,2026-09-21T00:00:00
E01513,2026-09-14,S04,P014,5,549,2026-09-21T00:00:00
E01514,2026-09-15,S04,P015,4,549,2026-09-21T00:00:00
E01515,2026-09-16,S04,P001,4,1999,2026-09-21T00:00:00
E01516,2026-09-17,S04,P002,3,1999,2026-09-21T00:00:00
E01517,2026-09-18,S04,P003,1,4999,2026-09-21T00:00:00
E01518,2026-09-19,S04,P004,1,1999,2026-09-21T00:00:00
E01519,2026-09-20,S04,P005,2,1999,2026-09-21T00:00:00
E01520,2026-09-01,S01,P006,5,1999,2026-09-21T00:00:00
E01521,2026-09-02,S01,P007,5,999,2026-09-21T00:00:00
E01522,2026-09-03,S01,P008,4,1999,2026-09-21T00:00:00
E01523,2026-09-04,S01,P009,5,4999,2026-09-21T00:00:00
E01524,2026-09-05,S01,P010,2,999,2026-09-21T00:00:00
E01525,2026-09-06,S01,P011,2,549,2026-09-21T00:00:00
E01526,2026-09-07,S01,P012,4,549,2026-09-21T00:00:00
E01527,2026-09-08,S01,P013,2,1999,2026-09-21T00:00:00
E01528,2026-09-09,S01,P014,1,1999,2026-09-21T00:00:00
E01529,2026-09-10,S01,P015,1,4999,2026-09-21T00:00:00
E01530,2026-09-11,S01,P001,3,549,2026-09-21T00:00:00
E01531,2026-09-12,S01,P002,2,999,2026-09-21T00:00:00
E01532,2026-09-13,S01,P003,4,4999,2026-09-21T00:00:00
E01533,2026-09-14,S01,P004,1,999,2026-09-21T00:00:00
E01534,2026-09-15,S01,P005,3,549,2026-09-21T00:00:00
E01535,2026-09-16,S01,P006,1,999,2026-09-21T00:00:00
E01536,2026-09-17,S01,P007,5,4999,2026-09-21T00:00:00
E01537,2026-09-18,S01,P008,3,4999,2026-09-21T00:00:00
E01538,2026-09-19,S01,P009,1,549,2026-09-21T00:00:00
E01539,2026-09-20,S01,P010,5,999,2026-09-21T00:00:00
E01540,2026-09-01,S02,P011,4,549,2026-09-21T00:00:00
E01541,2026-09-02,S02,P012,5,549,2026-09-21T00:00:00
E01542,2026-09-03,S02,P013,4,999,2026-09-21T00:00:00
E01543,2026-09-04,S02,P014,2,1999,2026-09-21T00:00:00
E01544,2026-09-05,S02,P015,3,1999,2026-09-21T00:00:00
E01545,2026-09-06,S02,P001,4,1999,2026-09-21T00:00:00
E01546,2026-09-07,S02,P002,3,4999,2026-09-21T00:00:00
E01547,2026-09-08,S02,P003,3,999,2026-09-21T00:00:00
E01548,2026-09-09,S02,P004,1,999,2026-09-21T00:00:00
E01549,2026-09-10,S02,P005,2,549,2026-09-21T00:00:00
E01550,2026-09-11,S02,P006,2,549,2026-09-21T00:00:00
E01551,2026-09-12,S02,P007,2,4999,2026-09-21T00:00:00
E01552,2026-09-13,S02,P008,4,1999,2026-09-21T00:00:00
E01553,2026-09-14,S02,P009,4,549,2026-09-21T00:00:00
E01554,2026-09-15,S02,P010,5,1999,2026-09-21T00:00:00
E01555,2026-09-16,S02,P011,2,4999,2026-09-21T00:00:00
E01556,2026-09-17,S02,P012,3,4999,2026-09-21T00:00:00
E01557,2026-09-18,S02,P013,3,549,2026-09-21T00:00:00
E01558,2026-09-19,S02,P014,1,999,2026-09-21T00:00:00
E01559,2026-09-20,S02,P015,3,549,2026-09-21T00:00:00
E01560,2026-09-01,S03,P001,2,1999,2026-09-21T00:00:00
E01561,2026-09-02,S03,P002,2,549,2026-09-21T00:00:00
E01562,2026-09-03,S03,P003,2,1999,2026-09-21T00:00:00
E01563,2026-09-04,S03,P004,4,549,2026-09-21T00:00:00
E01564,2026-09-05,S03,P005,3,1999,2026-09-21T00:00:00
E01565,2026-09-06,S03,P006,2,549,2026-09-21T00:00:00
E01566,2026-09-07,S03,P007,4,4999,2026-09-21T00:00:00
E01567,2026-09-08,S03,P008,5,999,2026-09-21T00:00:00
E01568,2026-09-09,S03,P009,1,4999,2026-09-21T00:00:00
E01569,2026-09-10,S03,P010,1,999,2026-09-21T00:00:00
E01570,2026-09-11,S03,P011,1,549,2026-09-21T00:00:00
E01571,2026-09-12,S03,P012,1,999,2026-09-21T00:00:00
E01572,2026-09-13,S03,P013,2,999,2026-09-21T00:00:00
E01573,2026-09-14,S03,P014,4,1999,2026-09-21T00:00:00
E01574,2026-09-15,S03,P015,1,1999,2026-09-21T00:00:00
E01575,2026-09-16,S03,P001,1,549,2026-09-21T00:00:00
E01576,2026-09-17,S03,P002,1,999,2026-09-21T00:00:00
E01577,2026-09-18,S03,P003,4,999,2026-09-21T00:00:00
E01578,2026-09-19,S03,P004,1,1999,2026-09-21T00:00:00
E01579,2026-09-20,S03,P005,1,549,2026-09-21T00:00:00
E01580,2026-09-01,S04,P006,4,549,2026-09-21T00:00:00
E01581,2026-09-02,S04,P007,2,4999,2026-09-21T00:00:00
E01582,2026-09-03,S04,P008,4,4999,2026-09-21T00:00:00
E01583,2026-09-04,S04,P009,1,4999,2026-09-21T00:00:00
E01584,2026-09-05,S04,P010,4,999,2026-09-21T00:00:00
E01585,2026-09-06,S04,P011,3,999,2026-09-21T00:00:00
E01586,2026-09-07,S04,P012,2,1999,2026-09-21T00:00:00
E01587,2026-09-08,S04,P013,3,4999,2026-09-21T00:00:00
E01588,2026-09-09,S04,P014,2,549,2026-09-21T00:00:00
E01589,2026-09-10,S04,P015,5,999,2026-09-21T00:00:00
E01590,2026-09-11,S04,P001,3,4999,2026-09-21T00:00:00
E01591,2026-09-12,S04,P002,4,4999,2026-09-21T00:00:00
E01592,2026-09-13,S04,P003,1,549,2026-09-21T00:00:00
E01593,2026-09-14,S04,P004,3,4999,2026-09-21T00:00:00
E01594,2026-09-15,S04,P005,2,4999,2026-09-21T00:00:00
E01595,2026-09-16,S04,P006,2,999,2026-09-21T00:00:00
E01596,2026-09-17,S04,P007,5,549,2026-09-21T00:00:00
E01597,2026-09-18,S04,P008,4,1999,2026-09-21T00:00:00
E01598,2026-09-19,S04,P009,4,4999,2026-09-21T00:00:00
E01599,2026-09-20,S04,P010,3,1999,2026-09-21T00:00:00
E01600,2026-09-01,S01,P011,4,1999,2026-09-21T00:00:00
E01601,2026-09-02,S01,P012,2,549,2026-09-21T00:00:00
E01602,2026-09-03,S01,P013,3,999,2026-09-21T00:00:00
E01603,2026-09-04,S01,P014,1,1999,2026-09-21T00:00:00
E01604,2026-09-05,S01,P015,1,4999,2026-09-21T00:00:00
E01605,2026-09-06,S01,P001,5,1999,2026-09-21T00:00:00
E01606,2026-09-07,S01,P002,5,999,2026-09-21T00:00:00
E01607,2026-09-08,S01,P003,2,549,2026-09-21T00:00:00
E01608,2026-09-09,S01,P004,2,999,2026-09-21T00:00:00
E01609,2026-09-10,S01,P005,3,549,2026-09-21T00:00:00
E01610,2026-09-11,S01,P006,2,4999,2026-09-21T00:00:00
E01611,2026-09-12,S01,P007,3,999,2026-09-21T00:00:00
E01612,2026-09-13,S01,P008,2,999,2026-09-21T00:00:00
E01613,2026-09-14,S01,P009,5,1999,2026-09-21T00:00:00
E01614,2026-09-15,S01,P010,3,549,2026-09-21T00:00:00
E01615,2026-09-16,S01,P011,3,999,2026-09-21T00:00:00
E01616,2026-09-17,S01,P012,5,999,2026-09-21T00:00:00
E01617,2026-09-18,S01,P013,4,1999,2026-09-21T00:00:00
E01618,2026-09-19,S01,P014,2,4999,2026-09-21T00:00:00
E01619,2026-09-20,S01,P015,1,549,2026-09-21T00:00:00
E01620,2026-09-01,S02,P001,1,999,2026-09-21T00:00:00
E01621,2026-09-02,S02,P002,5,999,2026-09-21T00:00:00
E01622,2026-09-03,S02,P003,1,4999,2026-09-21T00:00:00
E01623,2026-09-04,S02,P004,1,1999,2026-09-21T00:00:00
E01624,2026-09-05,S02,P005,5,999,2026-09-21T00:00:00
E01625,2026-09-06,S02,P006,2,1999,2026-09-21T00:00:00
E01626,2026-09-07,S02,P007,2,1999,2026-09-21T00:00:00
E01627,2026-09-08,S02,P008,1,549,2026-09-21T00:00:00
E01628,2026-09-09,S02,P009,2,999,2026-09-21T00:00:00
E01629,2026-09-10,S02,P010,1,1999,2026-09-21T00:00:00
E01630,2026-09-11,S02,P011,1,1999,2026-09-21T00:00:00
E01631,2026-09-12,S02,P012,4,549,2026-09-21T00:00:00
E01632,2026-09-13,S02,P013,3,1999,2026-09-21T00:00:00
E01633,2026-09-14,S02,P014,3,999,2026-09-21T00:00:00
E01634,2026-09-15,S02,P015,2,4999,2026-09-21T00:00:00
E01635,2026-09-16,S02,P001,4,1999,2026-09-21T00:00:00
E01636,2026-09-17,S02,P002,2,1999,2026-09-21T00:00:00
E01637,2026-09-18,S02,P003,2,999,2026-09-21T00:00:00
E01638,2026-09-19,S02,P004,4,1999,2026-09-21T00:00:00
E01639,2026-09-20,S02,P005,3,999,2026-09-21T00:00:00
E01640,2026-09-01,S03,P006,2,549,2026-09-21T00:00:00
E01641,2026-09-02,S03,P007,5,4999,2026-09-21T00:00:00
E01642,2026-09-03,S03,P008,5,549,2026-09-21T00:00:00
E01643,2026-09-04,S03,P009,2,1999,2026-09-21T00:00:00
E01644,2026-09-05,S03,P010,5,999,2026-09-21T00:00:00
E01645,2026-09-06,S03,P011,5,549,2026-09-21T00:00:00
E01646,2026-09-07,S03,P012,4,999,2026-09-21T00:00:00
E01647,2026-09-08,S03,P013,3,549,2026-09-21T00:00:00
E01648,2026-09-09,S03,P014,2,1999,2026-09-21T00:00:00
E01649,2026-09-10,S03,P015,3,999,2026-09-21T00:00:00
E01650,2026-09-11,S03,P001,1,1999,2026-09-21T00:00:00
E01651,2026-09-12,S03,P002,4,549,2026-09-21T00:00:00
E01652,2026-09-13,S03,P003,3,999,2026-09-21T00:00:00
E01653,2026-09-14,S03,P004,2,549,2026-09-21T00:00:00
E01654,2026-09-15,S03,P005,3,1999,2026-09-21T00:00:00
E01655,2026-09-16,S03,P006,1,549,2026-09-21T00:00:00
E01656,2026-09-17,S03,P007,1,4999,2026-09-21T00:00:00
E01657,2026-09-18,S03,P008,4,4999,2026-09-21T00:00:00
E01658,2026-09-19,S03,P009,2,4999,2026-09-21T00:00:00
E01659,2026-09-20,S03,P010,4,4999,2026-09-21T00:00:00
E01660,2026-09-01,S04,P011,3,4999,2026-09-21T00:00:00
E01661,2026-09-02,S04,P012,1,4999,2026-09-21T00:00:00
E01662,2026-09-03,S04,P013,5,999,2026-09-21T00:00:00
E01663,2026-09-04,S04,P014,2,4999,2026-09-21T00:00:00
E01664,2026-09-05,S04,P015,1,549,2026-09-21T00:00:00
E01665,2026-09-06,S04,P001,3,549,2026-09-21T00:00:00
E01666,2026-09-07,S04,P002,3,1999,2026-09-21T00:00:00
E01667,2026-09-08,S04,P003,1,549,2026-09-21T00:00:00
E01668,2026-09-09,S04,P004,3,999,2026-09-21T00:00:00
E01669,2026-09-10,S04,P005,4,999,2026-09-21T00:00:00
E01670,2026-09-11,S04,P006,1,549,2026-09-21T00:00:00
E01671,2026-09-12,S04,P007,3,4999,2026-09-21T00:00:00
E01672,2026-09-13,S04,P008,1,4999,2026-09-21T00:00:00
E01673,2026-09-14,S04,P009,2,4999,2026-09-21T00:00:00
E01674,2026-09-15,S04,P010,2,549,2026-09-21T00:00:00
E01675,2026-09-16,S04,P011,1,1999,2026-09-21T00:00:00
E01676,2026-09-17,S04,P012,2,999,2026-09-21T00:00:00
E01677,2026-09-18,S04,P013,4,1999,2026-09-21T00:00:00
E01678,2026-09-19,S04,P014,3,1999,2026-09-21T00:00:00
E01679,2026-09-20,S04,P015,2,549,2026-09-21T00:00:00
E01680,2026-09-01,S01,P001,1,4999,2026-09-21T00:00:00
E01681,2026-09-02,S01,P002,5,4999,2026-09-21T00:00:00
E01682,2026-09-03,S01,P003,2,549,2026-09-21T00:00:00
E01683,2026-09-04,S01,P004,3,549,2026-09-21T00:00:00
E01684,2026-09-05,S01,P005,4,549,2026-09-21T00:00:00
E01685,2026-09-06,S01,P006,3,4999,2026-09-21T00:00:00
E01686,2026-09-07,S01,P007,2,549,2026-09-21T00:00:00
E01687,2026-09-08,S01,P008,1,999,2026-09-21T00:00:00
E01688,2026-09-09,S01,P009,2,1999,2026-09-21T00:00:00
E01689,2026-09-10,S01,P010,1,4999,2026-09-21T00:00:00
E01690,2026-09-11,S01,P011,1,1999,2026-09-21T00:00:00
E01691,2026-09-12,S01,P012,4,4999,2026-09-21T00:00:00
E01692,2026-09-13,S01,P013,4,1999,2026-09-21T00:00:00
E01693,2026-09-14,S01,P014,1,4999,2026-09-21T00:00:00
E01694,2026-09-15,S01,P015,2,1999,2026-09-21T00:00:00
E01695,2026-09-16,S01,P001,4,1999,2026-09-21T00:00:00
E01696,2026-09-17,S01,P002,2,4999,2026-09-21T00:00:00
E01697,2026-09-18,S01,P003,1,1999,2026-09-21T00:00:00
E01698,2026-09-19,S01,P004,4,4999,2026-09-21T00:00:00
E01699,2026-09-20,S01,P005,3,999,2026-09-21T00:00:00
E01700,2026-09-01,S02,P006,3,549,2026-09-21T00:00:00
E01701,2026-09-02,S02,P007,2,549,2026-09-21T00:00:00
E01702,2026-09-03,S02,P008,1,1999,2026-09-21T00:00:00
E01703,2026-09-04,S02,P009,5,4999,2026-09-21T00:00:00
E01704,2026-09-05,S02,P010,5,999,2026-09-21T00:00:00
E01705,2026-09-06,S02,P011,5,549,2026-09-21T00:00:00
E01706,2026-09-07,S02,P012,4,4999,2026-09-21T00:00:00
E01707,2026-09-08,S02,P013,5,4999,2026-09-21T00:00:00
E01708,2026-09-09,S02,P014,5,999,2026-09-21T00:00:00
E01709,2026-09-10,S02,P015,4,1999,2026-09-21T00:00:00
E01710,2026-09-11,S02,P001,1,4999,2026-09-21T00:00:00
E01711,2026-09-12,S02,P002,1,999,2026-09-21T00:00:00
E01712,2026-09-13,S02,P003,1,4999,2026-09-21T00:00:00
E01713,2026-09-14,S02,P004,2,999,2026-09-21T00:00:00
E01714,2026-09-15,S02,P005,2,999,2026-09-21T00:00:00
E01715,2026-09-16,S02,P006,2,549,2026-09-21T00:00:00
E01716,2026-09-17,S02,P007,4,549,2026-09-21T00:00:00
E01717,2026-09-18,S02,P008,4,999,2026-09-21T00:00:00
E01718,2026-09-19,S02,P009,2,1999,2026-09-21T00:00:00
E01719,2026-09-20,S02,P010,3,549,2026-09-21T00:00:00
E01720,2026-09-01,S03,P011,1,4999,2026-09-21T00:00:00
E01721,2026-09-02,S03,P012,5,4999,2026-09-21T00:00:00
E01722,2026-09-03,S03,P013,5,1999,2026-09-21T00:00:00
E01723,2026-09-04,S03,P014,3,4999,2026-09-21T00:00:00
E01724,2026-09-05,S03,P015,1,4999,2026-09-21T00:00:00
E01725,2026-09-06,S03,P001,1,4999,2026-09-21T00:00:00
E01726,2026-09-07,S03,P002,2,999,2026-09-21T00:00:00
E01727,2026-09-08,S03,P003,5,549,2026-09-21T00:00:00
E01728,2026-09-09,S03,P004,1,549,2026-09-21T00:00:00
E01729,2026-09-10,S03,P005,3,1999,2026-09-21T00:00:00
E01730,2026-09-11,S03,P006,4,1999,2026-09-21T00:00:00
E01731,2026-09-12,S03,P007,4,4999,2026-09-21T00:00:00
E01732,2026-09-13,S03,P008,5,4999,2026-09-21T00:00:00
E01733,2026-09-14,S03,P009,1,999,2026-09-21T00:00:00
E01734,2026-09-15,S03,P010,3,4999,2026-09-21T00:00:00
E01735,2026-09-16,S03,P011,2,4999,2026-09-21T00:00:00
E01736,2026-09-17,S03,P012,1,4999,2026-09-21T00:00:00
E01737,2026-09-18,S03,P013,3,999,2026-09-21T00:00:00
E01738,2026-09-19,S03,P014,1,4999,2026-09-21T00:00:00
E01739,2026-09-20,S03,P015,3,1999,2026-09-21T00:00:00
E01740,2026-09-01,S04,P001,1,1999,2026-09-21T00:00:00
E01741,2026-09-02,S04,P002,3,1999,2026-09-21T00:00:00
E01742,2026-09-03,S04,P003,3,4999,2026-09-21T00:00:00
E01743,2026-09-04,S04,P004,1,999,2026-09-21T00:00:00
E01744,2026-09-05,S04,P005,2,1999,2026-09-21T00:00:00
E01745,2026-09-06,S04,P006,4,1999,2026-09-21T00:00:00
E01746,2026-09-07,S04,P007,3,4999,2026-09-21T00:00:00
E01747,2026-09-08,S04,P008,5,549,2026-09-21T00:00:00
E01748,2026-09-09,S04,P009,2,4999,2026-09-21T00:00:00
E01749,2026-09-10,S04,P010,2,4999,2026-09-21T00:00:00
E01750,2026-09-11,S04,P011,4,1999,2026-09-21T00:00:00
E01751,2026-09-12,S04,P012,1,999,2026-09-21T00:00:00
E01752,2026-09-13,S04,P013,1,1999,2026-09-21T00:00:00
E01753,2026-09-14,S04,P014,5,4999,2026-09-21T00:00:00
E01754,2026-09-15,S04,P015,2,549,2026-09-21T00:00:00
E01755,2026-09-16,S04,P001,2,999,2026-09-21T00:00:00
E01756,2026-09-17,S04,P002,2,549,2026-09-21T00:00:00
E01757,2026-09-18,S04,P003,2,549,2026-09-21T00:00:00
E01758,2026-09-19,S04,P004,4,549,2026-09-21T00:00:00
E01759,2026-09-20,S04,P005,3,999,2026-09-21T00:00:00
E01760,2026-09-01,S01,P006,3,1999,2026-09-21T00:00:00
E01761,2026-09-02,S01,P007,4,4999,2026-09-21T00:00:00
E01762,2026-09-03,S01,P008,1,549,2026-09-21T00:00:00
E01763,2026-09-04,S01,P009,2,1999,2026-09-21T00:00:00
E01764,2026-09-05,S01,P010,4,4999,2026-09-21T00:00:00
E01765,2026-09-06,S01,P011,2,4999,2026-09-21T00:00:00
E01766,2026-09-07,S01,P012,5,1999,2026-09-21T00:00:00
E01767,2026-09-08,S01,P013,3,999,2026-09-21T00:00:00
E01768,2026-09-09,S01,P014,3,549,2026-09-21T00:00:00
E01769,2026-09-10,S01,P015,3,549,2026-09-21T00:00:00
E01770,2026-09-11,S01,P001,4,549,2026-09-21T00:00:00
E01771,2026-09-12,S01,P002,2,999,2026-09-21T00:00:00
E01772,2026-09-13,S01,P003,2,999,2026-09-21T00:00:00
E01773,2026-09-14,S01,P004,2,1999,2026-09-21T00:00:00
E01774,2026-09-15,S01,P005,4,549,2026-09-21T00:00:00
E01775,2026-09-16,S01,P006,1,4999,2026-09-21T00:00:00
E01776,2026-09-17,S01,P007,2,999,2026-09-21T00:00:00
E01777,2026-09-18,S01,P008,5,549,2026-09-21T00:00:00
E01778,2026-09-19,S01,P009,2,1999,2026-09-21T00:00:00
E01779,2026-09-20,S01,P010,5,1999,2026-09-21T00:00:00
E01780,2026-09-01,S02,P011,3,4999,2026-09-21T00:00:00
E01781,2026-09-02,S02,P012,4,1999,2026-09-21T00:00:00
E01782,2026-09-03,S02,P013,4,1999,2026-09-21T00:00:00
E01783,2026-09-04,S02,P014,2,4999,2026-09-21T00:00:00
E01784,2026-09-05,S02,P015,3,4999,2026-09-21T00:00:00
E01785,2026-09-06,S02,P001,5,549,2026-09-21T00:00:00
E01786,2026-09-07,S02,P002,1,1999,2026-09-21T00:00:00
E01787,2026-09-08,S02,P003,5,1999,2026-09-21T00:00:00
E01788,2026-09-09,S02,P004,3,549,2026-09-21T00:00:00
E01789,2026-09-10,S02,P005,4,549,2026-09-21T00:00:00
E01790,2026-09-11,S02,P006,3,1999,2026-09-21T00:00:00
E01791,2026-09-12,S02,P007,3,1999,2026-09-21T00:00:00
E01792,2026-09-13,S02,P008,3,1999,2026-09-21T00:00:00
E01793,2026-09-14,S02,P009,2,999,2026-09-21T00:00:00
E01794,2026-09-15,S02,P010,5,999,2026-09-21T00:00:00
E01795,2026-09-16,S02,P011,1,4999,2026-09-21T00:00:00
E01796,2026-09-17,S02,P012,3,999,2026-09-21T00:00:00
E01797,2026-09-18,S02,P013,1,4999,2026-09-21T00:00:00
E01798,2026-09-19,S02,P014,3,1999,2026-09-21T00:00:00
E01799,2026-09-20,S02,P015,4,4999,2026-09-21T00:00:00
E01800,2026-09-01,S03,P001,4,549,2026-09-21T00:00:00
E01801,2026-09-02,S03,P002,5,999,2026-09-21T00:00:00
E01802,2026-09-03,S03,P003,3,999,2026-09-21T00:00:00
E01803,2026-09-04,S03,P004,5,4999,2026-09-21T00:00:00
E01804,2026-09-05,S03,P005,3,1999,2026-09-21T00:00:00
E01805,2026-09-06,S03,P006,2,999,2026-09-21T00:00:00
E01806,2026-09-07,S03,P007,3,549,2026-09-21T00:00:00
E01807,2026-09-08,S03,P008,4,999,2026-09-21T00:00:00
E01808,2026-09-09,S03,P009,3,999,2026-09-21T00:00:00
E01809,2026-09-10,S03,P010,3,549,2026-09-21T00:00:00
E01810,2026-09-11,S03,P011,2,1999,2026-09-21T00:00:00
E01811,2026-09-12,S03,P012,2,1999,2026-09-21T00:00:00
E01812,2026-09-13,S03,P013,4,1999,2026-09-21T00:00:00
E01813,2026-09-14,S03,P014,3,1999,2026-09-21T00:00:00
E01814,2026-09-15,S03,P015,5,1999,2026-09-21T00:00:00
E01815,2026-09-16,S03,P001,4,549,2026-09-21T00:00:00
E01816,2026-09-17,S03,P002,4,549,2026-09-21T00:00:00
E01817,2026-09-18,S03,P003,5,549,2026-09-21T00:00:00
E01818,2026-09-19,S03,P004,4,999,2026-09-21T00:00:00
E01819,2026-09-20,S03,P005,5,549,2026-09-21T00:00:00
E01820,2026-09-01,S04,P006,4,1999,2026-09-21T00:00:00
E01821,2026-09-02,S04,P007,4,549,2026-09-21T00:00:00
E01822,2026-09-03,S04,P008,2,999,2026-09-21T00:00:00
E01823,2026-09-04,S04,P009,2,1999,2026-09-21T00:00:00
E01824,2026-09-05,S04,P010,4,4999,2026-09-21T00:00:00
E01825,2026-09-06,S04,P011,2,1999,2026-09-21T00:00:00
E01826,2026-09-07,S04,P012,2,549,2026-09-21T00:00:00
E01827,2026-09-08,S04,P013,4,1999,2026-09-21T00:00:00
E01828,2026-09-09,S04,P014,2,1999,2026-09-21T00:00:00
E01829,2026-09-10,S04,P015,1,549,2026-09-21T00:00:00
E01830,2026-09-11,S04,P001,4,1999,2026-09-21T00:00:00
E01831,2026-09-12,S04,P002,2,999,2026-09-21T00:00:00
E01832,2026-09-13,S04,P003,5,999,2026-09-21T00:00:00
E01833,2026-09-14,S04,P004,4,549,2026-09-21T00:00:00
E01834,2026-09-15,S04,P005,2,4999,2026-09-21T00:00:00
E01835,2026-09-16,S04,P006,4,4999,2026-09-21T00:00:00
E01836,2026-09-17,S04,P007,4,4999,2026-09-21T00:00:00
E01837,2026-09-18,S04,P008,4,549,2026-09-21T00:00:00
E01838,2026-09-19,S04,P009,1,999,2026-09-21T00:00:00
E01839,2026-09-20,S04,P010,3,549,2026-09-21T00:00:00
E01840,2026-09-01,S01,P011,3,999,2026-09-21T00:00:00
E01841,2026-09-02,S01,P012,1,549,2026-09-21T00:00:00
E01842,2026-09-03,S01,P013,2,999,2026-09-21T00:00:00
E01843,2026-09-04,S01,P014,3,1999,2026-09-21T00:00:00
E01844,2026-09-05,S01,P015,2,549,2026-09-21T00:00:00
E01845,2026-09-06,S01,P001,4,1999,2026-09-21T00:00:00
E01846,2026-09-07,S01,P002,2,549,2026-09-21T00:00:00
E01847,2026-09-08,S01,P003,1,1999,2026-09-21T00:00:00
E01848,2026-09-09,S01,P004,3,4999,2026-09-21T00:00:00
E01849,2026-09-10,S01,P005,5,1999,2026-09-21T00:00:00
E01850,2026-09-11,S01,P006,4,999,2026-09-21T00:00:00
E01851,2026-09-12,S01,P007,3,4999,2026-09-21T00:00:00
E01852,2026-09-13,S01,P008,3,999,2026-09-21T00:00:00
E01853,2026-09-14,S01,P009,2,4999,2026-09-21T00:00:00
E01854,2026-09-15,S01,P010,1,999,2026-09-21T00:00:00
E01855,2026-09-16,S01,P011,2,999,2026-09-21T00:00:00
E01856,2026-09-17,S01,P012,2,549,2026-09-21T00:00:00
E01857,2026-09-18,S01,P013,5,999,2026-09-21T00:00:00
E01858,2026-09-19,S01,P014,1,1999,2026-09-21T00:00:00
E01859,2026-09-20,S01,P015,1,4999,2026-09-21T00:00:00
E01860,2026-09-01,S02,P001,3,549,2026-09-21T00:00:00
E01861,2026-09-02,S02,P002,5,549,2026-09-21T00:00:00
E01862,2026-09-03,S02,P003,1,549,2026-09-21T00:00:00
E01863,2026-09-04,S02,P004,1,549,2026-09-21T00:00:00
E01864,2026-09-05,S02,P005,4,4999,2026-09-21T00:00:00
E01865,2026-09-06,S02,P006,4,549,2026-09-21T00:00:00
E01866,2026-09-07,S02,P007,5,1999,2026-09-21T00:00:00
E01867,2026-09-08,S02,P008,4,999,2026-09-21T00:00:00
E01868,2026-09-09,S02,P009,2,549,2026-09-21T00:00:00
E01869,2026-09-10,S02,P010,3,4999,2026-09-21T00:00:00
E01870,2026-09-11,S02,P011,1,1999,2026-09-21T00:00:00
E01871,2026-09-12,S02,P012,5,999,2026-09-21T00:00:00
E01872,2026-09-13,S02,P013,4,549,2026-09-21T00:00:00
E01873,2026-09-14,S02,P014,5,549,2026-09-21T00:00:00
E01874,2026-09-15,S02,P015,3,549,2026-09-21T00:00:00
E01875,2026-09-16,S02,P001,1,4999,2026-09-21T00:00:00
E01876,2026-09-17,S02,P002,2,999,2026-09-21T00:00:00
E01877,2026-09-18,S02,P003,3,999,2026-09-21T00:00:00
E01878,2026-09-19,S02,P004,3,4999,2026-09-21T00:00:00
E01879,2026-09-20,S02,P005,3,999,2026-09-21T00:00:00
E01880,2026-09-01,S03,P006,1,4999,2026-09-21T00:00:00
E01881,2026-09-02,S03,P007,2,4999,2026-09-21T00:00:00
E01882,2026-09-03,S03,P008,3,999,2026-09-21T00:00:00
E01883,2026-09-04,S03,P009,1,549,2026-09-21T00:00:00
E01884,2026-09-05,S03,P010,1,549,2026-09-21T00:00:00
E01885,2026-09-06,S03,P011,5,4999,2026-09-21T00:00:00
E01886,2026-09-07,S03,P012,2,549,2026-09-21T00:00:00
E01887,2026-09-08,S03,P013,5,549,2026-09-21T00:00:00
E01888,2026-09-09,S03,P014,1,1999,2026-09-21T00:00:00
E01889,2026-09-10,S03,P015,2,4999,2026-09-21T00:00:00
E01890,2026-09-11,S03,P001,3,1999,2026-09-21T00:00:00
E01891,2026-09-12,S03,P002,4,549,2026-09-21T00:00:00
E01892,2026-09-13,S03,P003,1,999,2026-09-21T00:00:00
E01893,2026-09-14,S03,P004,1,1999,2026-09-21T00:00:00
E01894,2026-09-15,S03,P005,3,1999,2026-09-21T00:00:00
E01895,2026-09-16,S03,P006,4,549,2026-09-21T00:00:00
E01896,2026-09-17,S03,P007,1,549,2026-09-21T00:00:00
E01897,2026-09-18,S03,P008,1,999,2026-09-21T00:00:00
E01898,2026-09-19,S03,P009,2,1999,2026-09-21T00:00:00
E01899,2026-09-20,S03,P010,3,4999,2026-09-21T00:00:00
E01900,2026-09-01,S04,P011,5,1999,2026-09-21T00:00:00
E01901,2026-09-02,S04,P012,1,1999,2026-09-21T00:00:00
E01902,2026-09-03,S04,P013,3,999,2026-09-21T00:00:00
E01903,2026-09-04,S04,P014,1,4999,2026-09-21T00:00:00
E01904,2026-09-05,S04,P015,4,4999,2026-09-21T00:00:00
E01905,2026-09-06,S04,P001,3,4999,2026-09-21T00:00:00
E01906,2026-09-07,S04,P002,4,4999,2026-09-21T00:00:00
E01907,2026-09-08,S04,P003,2,549,2026-09-21T00:00:00
E01908,2026-09-09,S04,P004,2,549,2026-09-21T00:00:00
E01909,2026-09-10,S04,P005,2,549,2026-09-21T00:00:00
E01910,2026-09-11,S04,P006,4,4999,2026-09-21T00:00:00
E01911,2026-09-12,S04,P007,5,4999,2026-09-21T00:00:00
E01912,2026-09-13,S04,P008,2,4999,2026-09-21T00:00:00
E01913,2026-09-14,S04,P009,3,549,2026-09-21T00:00:00
E01914,2026-09-15,S04,P010,2,4999,2026-09-21T00:00:00
E01915,2026-09-16,S04,P011,4,549,2026-09-21T00:00:00
E01916,2026-09-17,S04,P012,4,4999,2026-09-21T00:00:00
E01917,2026-09-18,S04,P013,1,549,2026-09-21T00:00:00
E01918,2026-09-19,S04,P014,3,1999,2026-09-21T00:00:00
E01919,2026-09-20,S04,P015,1,999,2026-09-21T00:00:00
E01920,2026-09-01,S01,P001,3,549,2026-09-21T00:00:00
E01921,2026-09-02,S01,P002,4,999,2026-09-21T00:00:00
E01922,2026-09-03,S01,P003,4,1999,2026-09-21T00:00:00
E01923,2026-09-04,S01,P004,4,999,2026-09-21T00:00:00
E01924,2026-09-05,S01,P005,5,549,2026-09-21T00:00:00
E01925,2026-09-06,S01,P006,1,999,2026-09-21T00:00:00
E01926,2026-09-07,S01,P007,5,4999,2026-09-21T00:00:00
E01927,2026-09-08,S01,P008,4,999,2026-09-21T00:00:00
E01928,2026-09-09,S01,P009,1,4999,2026-09-21T00:00:00
E01929,2026-09-10,S01,P010,3,999,2026-09-21T00:00:00
E01930,2026-09-11,S01,P011,3,1999,2026-09-21T00:00:00
E01931,2026-09-12,S01,P012,1,999,2026-09-21T00:00:00
E01932,2026-09-13,S01,P013,5,4999,2026-09-21T00:00:00
E01933,2026-09-14,S01,P014,4,999,2026-09-21T00:00:00
E01934,2026-09-15,S01,P015,1,4999,2026-09-21T00:00:00
E01935,2026-09-16,S01,P001,4,4999,2026-09-21T00:00:00
E01936,2026-09-17,S01,P002,1,4999,2026-09-21T00:00:00
E01937,2026-09-18,S01,P003,4,1999,2026-09-21T00:00:00
E01938,2026-09-19,S01,P004,1,4999,2026-09-21T00:00:00
E01939,2026-09-20,S01,P005,1,549,2026-09-21T00:00:00
E01940,2026-09-01,S02,P006,4,4999,2026-09-21T00:00:00
E01941,2026-09-02,S02,P007,1,549,2026-09-21T00:00:00
E01942,2026-09-03,S02,P008,1,1999,2026-09-21T00:00:00
E01943,2026-09-04,S02,P009,5,999,2026-09-21T00:00:00
E01944,2026-09-05,S02,P010,4,1999,2026-09-21T00:00:00
E01945,2026-09-06,S02,P011,3,549,2026-09-21T00:00:00
E01946,2026-09-07,S02,P012,2,4999,2026-09-21T00:00:00
E01947,2026-09-08,S02,P013,3,4999,2026-09-21T00:00:00
E01948,2026-09-09,S02,P014,3,4999,2026-09-21T00:00:00
E01949,2026-09-10,S02,P015,1,549,2026-09-21T00:00:00
E01950,2026-09-11,S02,P001,2,549,2026-09-21T00:00:00
E01951,2026-09-12,S02,P002,3,1999,2026-09-21T00:00:00
E01952,2026-09-13,S02,P003,3,1999,2026-09-21T00:00:00
E01953,2026-09-14,S02,P004,1,549,2026-09-21T00:00:00
E01954,2026-09-15,S02,P005,2,4999,2026-09-21T00:00:00
E01955,2026-09-16,S02,P006,2,4999,2026-09-21T00:00:00
E01956,2026-09-17,S02,P007,1,1999,2026-09-21T00:00:00
E01957,2026-09-18,S02,P008,5,999,2026-09-21T00:00:00
E01958,2026-09-19,S02,P009,2,549,2026-09-21T00:00:00
E01959,2026-09-20,S02,P010,4,999,2026-09-21T00:00:00
E01960,2026-09-01,S03,P011,4,999,2026-09-21T00:00:00
E01961,2026-09-02,S03,P012,3,549,2026-09-21T00:00:00
E01962,2026-09-03,S03,P013,4,549,2026-09-21T00:00:00
E01963,2026-09-04,S03,P014,5,549,2026-09-21T00:00:00
E01964,2026-09-05,S03,P015,4,4999,2026-09-21T00:00:00
E01965,2026-09-06,S03,P001,5,999,2026-09-21T00:00:00
E01966,2026-09-07,S03,P002,4,549,2026-09-21T00:00:00
E01967,2026-09-08,S03,P003,5,549,2026-09-21T00:00:00
E01968,2026-09-09,S03,P004,5,4999,2026-09-21T00:00:00
E01969,2026-09-10,S03,P005,5,4999,2026-09-21T00:00:00
E01970,2026-09-11,S03,P006,5,999,2026-09-21T00:00:00
E01971,2026-09-12,S03,P007,5,999,2026-09-21T00:00:00
E01972,2026-09-13,S03,P008,2,549,2026-09-21T00:00:00
E01973,2026-09-14,S03,P009,4,1999,2026-09-21T00:00:00
E01974,2026-09-15,S03,P010,5,4999,2026-09-21T00:00:00
E01975,2026-09-16,S03,P011,4,999,2026-09-21T00:00:00
E01976,2026-09-17,S03,P012,3,4999,2026-09-21T00:00:00
E01977,2026-09-18,S03,P013,3,1999,2026-09-21T00:00:00
E01978,2026-09-19,S03,P014,4,999,2026-09-21T00:00:00
E01979,2026-09-20,S03,P015,2,4999,2026-09-21T00:00:00
E01980,2026-09-01,S04,P001,5,1999,2026-09-21T00:00:00
E01981,2026-09-02,S04,P002,5,1999,2026-09-21T00:00:00
E01982,2026-09-03,S04,P003,5,999,2026-09-21T00:00:00
E01983,2026-09-04,S04,P004,2,999,2026-09-21T00:00:00
E01984,2026-09-05,S04,P005,5,1999,2026-09-21T00:00:00
E01985,2026-09-06,S04,P006,3,999,2026-09-21T00:00:00
E01986,2026-09-07,S04,P007,2,1999,2026-09-21T00:00:00
E01987,2026-09-08,S04,P008,1,1999,2026-09-21T00:00:00
E01988,2026-09-09,S04,P009,5,4999,2026-09-21T00:00:00
E01989,2026-09-10,S04,P010,5,4999,2026-09-21T00:00:00
E01990,2026-09-11,S04,P011,5,1999,2026-09-21T00:00:00
E01991,2026-09-12,S04,P012,4,549,2026-09-21T00:00:00
E01992,2026-09-13,S04,P013,5,549,2026-09-21T00:00:00
E01993,2026-09-14,S04,P014,1,4999,2026-09-21T00:00:00
E01994,2026-09-15,S04,P015,2,549,2026-09-21T00:00:00
E01995,2026-09-16,S04,P001,1,999,2026-09-21T00:00:00
E01996,2026-09-17,S04,P002,3,999,2026-09-21T00:00:00
E01997,2026-09-18,S04,P003,3,1999,2026-09-21T00:00:00
E01998,2026-09-19,S04,P004,2,549,2026-09-21T00:00:00
E01999,2026-09-20,S04,P005,3,999,2026-09-21T00:00:00
E02000,2026-09-01,S01,P006,5,549,2026-09-21T00:00:00
E02001,2026-09-02,S01,P007,3,4999,2026-09-21T00:00:00
E02002,2026-09-03,S01,P008,1,999,2026-09-21T00:00:00
E02003,2026-09-04,S01,P009,5,4999,2026-09-21T00:00:00
E02004,2026-09-05,S01,P010,2,1999,2026-09-21T00:00:00
E02005,2026-09-06,S01,P011,1,4999,2026-09-21T00:00:00
E02006,2026-09-07,S01,P012,4,4999,2026-09-21T00:00:00
E02007,2026-09-08,S01,P013,3,549,2026-09-21T00:00:00
E02008,2026-09-09,S01,P014,1,1999,2026-09-21T00:00:00
E02009,2026-09-10,S01,P015,2,4999,2026-09-21T00:00:00
E02010,2026-09-11,S01,P001,2,1999,2026-09-21T00:00:00
E02011,2026-09-12,S01,P002,5,999,2026-09-21T00:00:00
E02012,2026-09-13,S01,P003,2,1999,2026-09-21T00:00:00
E02013,2026-09-14,S01,P004,4,999,2026-09-21T00:00:00
E02014,2026-09-15,S01,P005,1,999,2026-09-21T00:00:00
E02015,2026-09-16,S01,P006,2,549,2026-09-21T00:00:00
E02016,2026-09-17,S01,P007,4,549,2026-09-21T00:00:00
E02017,2026-09-18,S01,P008,4,1999,2026-09-21T00:00:00
E02018,2026-09-19,S01,P009,5,1999,2026-09-21T00:00:00
E02019,2026-09-20,S01,P010,2,999,2026-09-21T00:00:00
E02020,2026-09-01,S02,P011,5,1999,2026-09-21T00:00:00
E02021,2026-09-02,S02,P012,1,1999,2026-09-21T00:00:00
E02022,2026-09-03,S02,P013,4,999,2026-09-21T00:00:00
E02023,2026-09-04,S02,P014,1,999,2026-09-21T00:00:00
E02024,2026-09-05,S02,P015,3,549,2026-09-21T00:00:00
E02025,2026-09-06,S02,P001,5,1999,2026-09-21T00:00:00
E02026,2026-09-07,S02,P002,4,1999,2026-09-21T00:00:00
E02027,2026-09-08,S02,P003,1,1999,2026-09-21T00:00:00
E02028,2026-09-09,S02,P004,5,999,2026-09-21T00:00:00
E02029,2026-09-10,S02,P005,2,549,2026-09-21T00:00:00
E02030,2026-09-11,S02,P006,5,999,2026-09-21T00:00:00
E02031,2026-09-12,S02,P007,4,4999,2026-09-21T00:00:00
E02032,2026-09-13,S02,P008,1,1999,2026-09-21T00:00:00
E02033,2026-09-14,S02,P009,2,999,2026-09-21T00:00:00
E02034,2026-09-15,S02,P010,3,1999,2026-09-21T00:00:00
E02035,2026-09-16,S02,P011,3,1999,2026-09-21T00:00:00
E02036,2026-09-17,S02,P012,2,4999,2026-09-21T00:00:00
E02037,2026-09-18,S02,P013,5,549,2026-09-21T00:00:00
E02038,2026-09-19,S02,P014,1,1999,2026-09-21T00:00:00
E02039,2026-09-20,S02,P015,4,999,2026-09-21T00:00:00
E02040,2026-09-01,S03,P001,5,999,2026-09-21T00:00:00
E02041,2026-09-02,S03,P002,1,1999,2026-09-21T00:00:00
E02042,2026-09-03,S03,P003,4,549,2026-09-21T00:00:00
E02043,2026-09-04,S03,P004,4,1999,2026-09-21T00:00:00
E02044,2026-09-05,S03,P005,5,1999,2026-09-21T00:00:00
E02045,2026-09-06,S03,P006,1,1999,2026-09-21T00:00:00
E02046,2026-09-07,S03,P007,5,4999,2026-09-21T00:00:00
E02047,2026-09-08,S03,P008,4,549,2026-09-21T00:00:00
E02048,2026-09-09,S03,P009,3,999,2026-09-21T00:00:00
E02049,2026-09-10,S03,P010,3,549,2026-09-21T00:00:00
E02050,2026-09-11,S03,P011,1,999,2026-09-21T00:00:00
E02051,2026-09-12,S03,P012,5,549,2026-09-21T00:00:00
E02052,2026-09-13,S03,P013,1,999,2026-09-21T00:00:00
E02053,2026-09-14,S03,P014,2,4999,2026-09-21T00:00:00
E02054,2026-09-15,S03,P015,1,999,2026-09-21T00:00:00
E02055,2026-09-16,S03,P001,5,4999,2026-09-21T00:00:00
E02056,2026-09-17,S03,P002,1,999,2026-09-21T00:00:00
E02057,2026-09-18,S03,P003,1,4999,2026-09-21T00:00:00
E02058,2026-09-19,S03,P004,3,549,2026-09-21T00:00:00
E02059,2026-09-20,S03,P005,1,549,2026-09-21T00:00:00
E02060,2026-09-01,S04,P006,1,999,2026-09-21T00:00:00
E02061,2026-09-02,S04,P007,3,549,2026-09-21T00:00:00
E02062,2026-09-03,S04,P008,5,999,2026-09-21T00:00:00
E02063,2026-09-04,S04,P009,3,4999,2026-09-21T00:00:00
E02064,2026-09-05,S04,P010,4,4999,2026-09-21T00:00:00
E02065,2026-09-06,S04,P011,4,4999,2026-09-21T00:00:00
E02066,2026-09-07,S04,P012,3,549,2026-09-21T00:00:00
E02067,2026-09-08,S04,P013,4,549,2026-09-21T00:00:00
E02068,2026-09-09,S04,P014,5,549,2026-09-21T00:00:00
E02069,2026-09-10,S04,P015,5,549,2026-09-21T00:00:00
E02070,2026-09-11,S04,P001,5,549,2026-09-21T00:00:00
E02071,2026-09-12,S04,P002,1,1999,2026-09-21T00:00:00
E02072,2026-09-13,S04,P003,5,549,2026-09-21T00:00:00
E02073,2026-09-14,S04,P004,3,1999,2026-09-21T00:00:00
E02074,2026-09-15,S04,P005,5,549,2026-09-21T00:00:00
E02075,2026-09-16,S04,P006,3,4999,2026-09-21T00:00:00
E02076,2026-09-17,S04,P007,4,4999,2026-09-21T00:00:00
E02077,2026-09-18,S04,P008,1,4999,2026-09-21T00:00:00
E02078,2026-09-19,S04,P009,2,999,2026-09-21T00:00:00
E02079,2026-09-20,S04,P010,2,4999,2026-09-21T00:00:00
E02080,2026-09-01,S01,P011,5,1999,2026-09-21T00:00:00
E02081,2026-09-02,S01,P012,2,1999,2026-09-21T00:00:00
E02082,2026-09-03,S01,P013,3,549,2026-09-21T00:00:00
E02083,2026-09-04,S01,P014,5,999,2026-09-21T00:00:00
E02084,2026-09-05,S01,P015,1,549,2026-09-21T00:00:00
E02085,2026-09-06,S01,P001,1,4999,2026-09-21T00:00:00
E02086,2026-09-07,S01,P002,5,549,2026-09-21T00:00:00
E02087,2026-09-08,S01,P003,3,999,2026-09-21T00:00:00
E02088,2026-09-09,S01,P004,3,999,2026-09-21T00:00:00
E02089,2026-09-10,S01,P005,4,999,2026-09-21T00:00:00
E02090,2026-09-11,S01,P006,2,999,2026-09-21T00:00:00
E02091,2026-09-12,S01,P007,2,1999,2026-09-21T00:00:00
E02092,2026-09-13,S01,P008,2,549,2026-09-21T00:00:00
E02093,2026-09-14,S01,P009,2,549,2026-09-21T00:00:00
E02094,2026-09-15,S01,P010,5,4999,2026-09-21T00:00:00
E02095,2026-09-16,S01,P011,5,549,2026-09-21T00:00:00
E02096,2026-09-17,S01,P012,3,549,2026-09-21T00:00:00
E02097,2026-09-18,S01,P013,3,549,2026-09-21T00:00:00
E02098,2026-09-19,S01,P014,2,4999,2026-09-21T00:00:00
E02099,2026-09-20,S01,P015,3,1999,2026-09-21T00:00:00
E02100,2026-09-01,S02,P001,2,999,2026-09-21T00:00:00
E02101,2026-09-02,S02,P002,1,1999,2026-09-21T00:00:00
E02102,2026-09-03,S02,P003,5,549,2026-09-21T00:00:00
E02103,2026-09-04,S02,P004,2,1999,2026-09-21T00:00:00
E02104,2026-09-05,S02,P005,4,4999,2026-09-21T00:00:00
E02105,2026-09-06,S02,P006,3,1999,2026-09-21T00:00:00
E02106,2026-09-07,S02,P007,5,999,2026-09-21T00:00:00
E02107,2026-09-08,S02,P008,5,1999,2026-09-21T00:00:00
E02108,2026-09-09,S02,P009,3,4999,2026-09-21T00:00:00
E02109,2026-09-10,S02,P010,2,549,2026-09-21T00:00:00
E02110,2026-09-11,S02,P011,3,999,2026-09-21T00:00:00
E02111,2026-09-12,S02,P012,2,4999,2026-09-21T00:00:00
E02112,2026-09-13,S02,P013,3,1999,2026-09-21T00:00:00
E02113,2026-09-14,S02,P014,2,1999,2026-09-21T00:00:00
E02114,2026-09-15,S02,P015,4,4999,2026-09-21T00:00:00
E02115,2026-09-16,S02,P001,4,1999,2026-09-21T00:00:00
E02116,2026-09-17,S02,P002,3,4999,2026-09-21T00:00:00
E02117,2026-09-18,S02,P003,5,549,2026-09-21T00:00:00
E02118,2026-09-19,S02,P004,2,549,2026-09-21T00:00:00
E02119,2026-09-20,S02,P005,3,999,2026-09-21T00:00:00
E02120,2026-09-01,S03,P006,5,999,2026-09-21T00:00:00
E02121,2026-09-02,S03,P007,3,549,2026-09-21T00:00:00
E02122,2026-09-03,S03,P008,1,549,2026-09-21T00:00:00
E02123,2026-09-04,S03,P009,5,549,2026-09-21T00:00:00
E02124,2026-09-05,S03,P010,5,4999,2026-09-21T00:00:00
E02125,2026-09-06,S03,P011,5,999,2026-09-21T00:00:00
E02126,2026-09-07,S03,P012,1,1999,2026-09-21T00:00:00
E02127,2026-09-08,S03,P013,5,4999,2026-09-21T00:00:00
E02128,2026-09-09,S03,P014,2,1999,2026-09-21T00:00:00
E02129,2026-09-10,S03,P015,4,999,2026-09-21T00:00:00
E02130,2026-09-11,S03,P001,5,1999,2026-09-21T00:00:00
E02131,2026-09-12,S03,P002,2,4999,2026-09-21T00:00:00
E02132,2026-09-13,S03,P003,5,549,2026-09-21T00:00:00
E02133,2026-09-14,S03,P004,4,1999,2026-09-21T00:00:00
E02134,2026-09-15,S03,P005,5,549,2026-09-21T00:00:00
E02135,2026-09-16,S03,P006,2,999,2026-09-21T00:00:00
E02136,2026-09-17,S03,P007,5,999,2026-09-21T00:00:00
E02137,2026-09-18,S03,P008,4,999,2026-09-21T00:00:00
E02138,2026-09-19,S03,P009,2,999,2026-09-21T00:00:00
E02139,2026-09-20,S03,P010,4,1999,2026-09-21T00:00:00
E02140,2026-09-01,S04,P011,1,999,2026-09-21T00:00:00
E02141,2026-09-02,S04,P012,4,999,2026-09-21T00:00:00
E02142,2026-09-03,S04,P013,1,1999,2026-09-21T00:00:00
E02143,2026-09-04,S04,P014,3,999,2026-09-21T00:00:00
E02144,2026-09-05,S04,P015,1,999,2026-09-21T00:00:00
E02145,2026-09-06,S04,P001,5,1999,2026-09-21T00:00:00
E02146,2026-09-07,S04,P002,4,4999,2026-09-21T00:00:00
E02147,2026-09-08,S04,P003,4,549,2026-09-21T00:00:00
E02148,2026-09-09,S04,P004,1,1999,2026-09-21T00:00:00
E02149,2026-09-10,S04,P005,1,1999,2026-09-21T00:00:00
E02150,2026-09-11,S04,P006,3,999,2026-09-21T00:00:00
E02151,2026-09-12,S04,P007,4,4999,2026-09-21T00:00:00
E02152,2026-09-13,S04,P008,3,549,2026-09-21T00:00:00
E02153,2026-09-14,S04,P009,5,1999,2026-09-21T00:00:00
E02154,2026-09-15,S04,P010,4,999,2026-09-21T00:00:00
E02155,2026-09-16,S04,P011,5,4999,2026-09-21T00:00:00
E02156,2026-09-17,S04,P012,3,1999,2026-09-21T00:00:00
E02157,2026-09-18,S04,P013,4,4999,2026-09-21T00:00:00
E02158,2026-09-19,S04,P014,5,549,2026-09-21T00:00:00
E02159,2026-09-20,S04,P015,5,999,2026-09-21T00:00:00
E02160,2026-09-01,S01,P001,4,999,2026-09-21T00:00:00
E02161,2026-09-02,S01,P002,2,549,2026-09-21T00:00:00
E02162,2026-09-03,S01,P003,5,1999,2026-09-21T00:00:00
E02163,2026-09-04,S01,P004,2,999,2026-09-21T00:00:00
E02164,2026-09-05,S01,P005,2,999,2026-09-21T00:00:00
E02165,2026-09-06,S01,P006,3,549,2026-09-21T00:00:00
E02166,2026-09-07,S01,P007,2,4999,2026-09-21T00:00:00
E02167,2026-09-08,S01,P008,3,549,2026-09-21T00:00:00
E02168,2026-09-09,S01,P009,4,4999,2026-09-21T00:00:00
E02169,2026-09-10,S01,P010,4,999,2026-09-21T00:00:00
E02170,2026-09-11,S01,P011,5,999,2026-09-21T00:00:00
E02171,2026-09-12,S01,P012,4,549,2026-09-21T00:00:00
E02172,2026-09-13,S01,P013,2,549,2026-09-21T00:00:00
E02173,2026-09-14,S01,P014,2,999,2026-09-21T00:00:00
E02174,2026-09-15,S01,P015,2,549,2026-09-21T00:00:00
E02175,2026-09-16,S01,P001,5,999,2026-09-21T00:00:00
E02176,2026-09-17,S01,P002,1,999,2026-09-21T00:00:00
E02177,2026-09-18,S01,P003,3,999,2026-09-21T00:00:00
E02178,2026-09-19,S01,P004,5,4999,2026-09-21T00:00:00
E02179,2026-09-20,S01,P005,5,549,2026-09-21T00:00:00
E02180,2026-09-01,S02,P006,3,549,2026-09-21T00:00:00
E02181,2026-09-02,S02,P007,2,4999,2026-09-21T00:00:00
E02182,2026-09-03,S02,P008,5,4999,2026-09-21T00:00:00
E02183,2026-09-04,S02,P009,4,999,2026-09-21T00:00:00
E02184,2026-09-05,S02,P010,2,4999,2026-09-21T00:00:00
E02185,2026-09-06,S02,P011,5,999,2026-09-21T00:00:00
E02186,2026-09-07,S02,P012,5,999,2026-09-21T00:00:00
E02187,2026-09-08,S02,P013,5,1999,2026-09-21T00:00:00
E02188,2026-09-09,S02,P014,2,1999,2026-09-21T00:00:00
E02189,2026-09-10,S02,P015,4,549,2026-09-21T00:00:00
E02190,2026-09-11,S02,P001,2,4999,2026-09-21T00:00:00
E02191,2026-09-12,S02,P002,4,999,2026-09-21T00:00:00
E02192,2026-09-13,S02,P003,1,549,2026-09-21T00:00:00
E02193,2026-09-14,S02,P004,2,4999,2026-09-21T00:00:00
E02194,2026-09-15,S02,P005,2,549,2026-09-21T00:00:00
E02195,2026-09-16,S02,P006,2,4999,2026-09-21T00:00:00
E02196,2026-09-17,S02,P007,5,549,2026-09-21T00:00:00
E02197,2026-09-18,S02,P008,5,549,2026-09-21T00:00:00
E02198,2026-09-19,S02,P009,1,4999,2026-09-21T00:00:00
E02199,2026-09-20,S02,P010,2,549,2026-09-21T00:00:00
E02200,2026-09-01,S03,P011,4,4999,2026-09-21T00:00:00
E02201,2026-09-02,S03,P012,3,549,2026-09-21T00:00:00
E02202,2026-09-03,S03,P013,5,4999,2026-09-21T00:00:00
E02203,2026-09-04,S03,P014,2,4999,2026-09-21T00:00:00
E02204,2026-09-05,S03,P015,4,1999,2026-09-21T00:00:00
E02205,2026-09-06,S03,P001,5,549,2026-09-21T00:00:00
E02206,2026-09-07,S03,P002,4,999,2026-09-21T00:00:00
E02207,2026-09-08,S03,P003,3,4999,2026-09-21T00:00:00
E02208,2026-09-09,S03,P004,2,549,2026-09-21T00:00:00
E02209,2026-09-10,S03,P005,3,4999,2026-09-21T00:00:00
E02210,2026-09-11,S03,P006,3,999,2026-09-21T00:00:00
E02211,2026-09-12,S03,P007,1,549,2026-09-21T00:00:00
E02212,2026-09-13,S03,P008,5,549,2026-09-21T00:00:00
E02213,2026-09-14,S03,P009,5,549,2026-09-21T00:00:00
E02214,2026-09-15,S03,P010,4,999,2026-09-21T00:00:00
E02215,2026-09-16,S03,P011,3,4999,2026-09-21T00:00:00
E02216,2026-09-17,S03,P012,3,549,2026-09-21T00:00:00
E02217,2026-09-18,S03,P013,2,4999,2026-09-21T00:00:00
E02218,2026-09-19,S03,P014,5,1999,2026-09-21T00:00:00
E02219,2026-09-20,S03,P015,3,4999,2026-09-21T00:00:00
E02220,2026-09-01,S04,P001,5,1999,2026-09-21T00:00:00
E02221,2026-09-02,S04,P002,5,1999,2026-09-21T00:00:00
E02222,2026-09-03,S04,P003,4,999,2026-09-21T00:00:00
E02223,2026-09-04,S04,P004,4,4999,2026-09-21T00:00:00
E02224,2026-09-05,S04,P005,2,1999,2026-09-21T00:00:00
E02225,2026-09-06,S04,P006,5,4999,2026-09-21T00:00:00
E02226,2026-09-07,S04,P007,3,1999,2026-09-21T00:00:00
E02227,2026-09-08,S04,P008,5,1999,2026-09-21T00:00:00
E02228,2026-09-09,S04,P009,4,999,2026-09-21T00:00:00
E02229,2026-09-10,S04,P010,1,999,2026-09-21T00:00:00
E02230,2026-09-11,S04,P011,4,999,2026-09-21T00:00:00
E02231,2026-09-12,S04,P012,1,999,2026-09-21T00:00:00
E02232,2026-09-13,S04,P013,5,4999,2026-09-21T00:00:00
E02233,2026-09-14,S04,P014,3,549,2026-09-21T00:00:00
E02234,2026-09-15,S04,P015,2,4999,2026-09-21T00:00:00
E02235,2026-09-16,S04,P001,1,549,2026-09-21T00:00:00
E02236,2026-09-17,S04,P002,2,4999,2026-09-21T00:00:00
E02237,2026-09-18,S04,P003,5,4999,2026-09-21T00:00:00
E02238,2026-09-19,S04,P004,1,549,2026-09-21T00:00:00
E02239,2026-09-20,S04,P005,3,999,2026-09-21T00:00:00
E02240,2026-09-01,S01,P006,3,549,2026-09-21T00:00:00
E02241,2026-09-02,S01,P007,5,549,2026-09-21T00:00:00
E02242,2026-09-03,S01,P008,4,4999,2026-09-21T00:00:00
E02243,2026-09-04,S01,P009,5,1999,2026-09-21T00:00:00
E02244,2026-09-05,S01,P010,5,549,2026-09-21T00:00:00
E02245,2026-09-06,S01,P011,2,4999,2026-09-21T00:00:00
E02246,2026-09-07,S01,P012,4,549,2026-09-21T00:00:00
E02247,2026-09-08,S01,P013,2,1999,2026-09-21T00:00:00
E02248,2026-09-09,S01,P014,2,549,2026-09-21T00:00:00
E02249,2026-09-10,S01,P015,5,999,2026-09-21T00:00:00
E02250,2026-09-11,S01,P001,5,999,2026-09-21T00:00:00
E02251,2026-09-12,S01,P002,1,1999,2026-09-21T00:00:00
E02252,2026-09-13,S01,P003,2,549,2026-09-21T00:00:00
E02253,2026-09-14,S01,P004,2,549,2026-09-21T00:00:00
E02254,2026-09-15,S01,P005,3,4999,2026-09-21T00:00:00
E02255,2026-09-16,S01,P006,3,4999,2026-09-21T00:00:00
E02256,2026-09-17,S01,P007,4,999,2026-09-21T00:00:00
E02257,2026-09-18,S01,P008,5,549,2026-09-21T00:00:00
E02258,2026-09-19,S01,P009,1,549,2026-09-21T00:00:00
E02259,2026-09-20,S01,P010,5,1999,2026-09-21T00:00:00
E02260,2026-09-01,S02,P011,5,1999,2026-09-21T00:00:00
E02261,2026-09-02,S02,P012,3,1999,2026-09-21T00:00:00
E02262,2026-09-03,S02,P013,2,999,2026-09-21T00:00:00
E02263,2026-09-04,S02,P014,4,4999,2026-09-21T00:00:00
E02264,2026-09-05,S02,P015,5,549,2026-09-21T00:00:00
E02265,2026-09-06,S02,P001,3,999,2026-09-21T00:00:00
E02266,2026-09-07,S02,P002,4,549,2026-09-21T00:00:00
E02267,2026-09-08,S02,P003,5,549,2026-09-21T00:00:00
E02268,2026-09-09,S02,P004,5,1999,2026-09-21T00:00:00
E02269,2026-09-10,S02,P005,3,549,2026-09-21T00:00:00
E02270,2026-09-11,S02,P006,5,1999,2026-09-21T00:00:00
E02271,2026-09-12,S02,P007,5,1999,2026-09-21T00:00:00
E02272,2026-09-13,S02,P008,4,4999,2026-09-21T00:00:00
E02273,2026-09-14,S02,P009,5,4999,2026-09-21T00:00:00
E02274,2026-09-15,S02,P010,2,1999,2026-09-21T00:00:00
E02275,2026-09-16,S02,P011,4,4999,2026-09-21T00:00:00
E02276,2026-09-17,S02,P012,5,549,2026-09-21T00:00:00
E02277,2026-09-18,S02,P013,4,549,2026-09-21T00:00:00
E02278,2026-09-19,S02,P014,3,549,2026-09-21T00:00:00
E02279,2026-09-20,S02,P015,4,999,2026-09-21T00:00:00
E02280,2026-09-01,S03,P001,2,1999,2026-09-21T00:00:00
E02281,2026-09-02,S03,P002,4,1999,2026-09-21T00:00:00
E02282,2026-09-03,S03,P003,5,549,2026-09-21T00:00:00
E02283,2026-09-04,S03,P004,3,999,2026-09-21T00:00:00
E02284,2026-09-05,S03,P005,3,549,2026-09-21T00:00:00
E02285,2026-09-06,S03,P006,4,1999,2026-09-21T00:00:00
E02286,2026-09-07,S03,P007,1,999,2026-09-21T00:00:00
E02287,2026-09-08,S03,P008,4,1999,2026-09-21T00:00:00
E02288,2026-09-09,S03,P009,3,999,2026-09-21T00:00:00
E02289,2026-09-10,S03,P010,5,1999,2026-09-21T00:00:00
E02290,2026-09-11,S03,P011,2,999,2026-09-21T00:00:00
E02291,2026-09-12,S03,P012,4,999,2026-09-21T00:00:00
E02292,2026-09-13,S03,P013,2,999,2026-09-21T00:00:00
E02293,2026-09-14,S03,P014,3,999,2026-09-21T00:00:00
E02294,2026-09-15,S03,P015,2,999,2026-09-21T00:00:00
E02295,2026-09-16,S03,P001,2,1999,2026-09-21T00:00:00
E02296,2026-09-17,S03,P002,2,549,2026-09-21T00:00:00
E02297,2026-09-18,S03,P003,1,549,2026-09-21T00:00:00
E02298,2026-09-19,S03,P004,4,549,2026-09-21T00:00:00
E02299,2026-09-20,S03,P005,5,549,2026-09-21T00:00:00
E02300,2026-09-01,S04,P006,4,1999,2026-09-21T00:00:00
E02301,2026-09-02,S04,P007,5,1999,2026-09-21T00:00:00
E02302,2026-09-03,S04,P008,4,1999,2026-09-21T00:00:00
E02303,2026-09-04,S04,P009,4,999,2026-09-21T00:00:00
E02304,2026-09-05,S04,P010,5,1999,2026-09-21T00:00:00
E02305,2026-09-06,S04,P011,4,999,2026-09-21T00:00:00
E02306,2026-09-07,S04,P012,5,999,2026-09-21T00:00:00
E02307,2026-09-08,S04,P013,1,4999,2026-09-21T00:00:00
E02308,2026-09-09,S04,P014,4,549,2026-09-21T00:00:00
E02309,2026-09-10,S04,P015,5,1999,2026-09-21T00:00:00
E02310,2026-09-11,S04,P001,4,999,2026-09-21T00:00:00
E02311,2026-09-12,S04,P002,4,549,2026-09-21T00:00:00
E02312,2026-09-13,S04,P003,5,4999,2026-09-21T00:00:00
E02313,2026-09-14,S04,P004,3,549,2026-09-21T00:00:00
E02314,2026-09-15,S04,P005,1,999,2026-09-21T00:00:00
E02315,2026-09-16,S04,P006,4,549,2026-09-21T00:00:00
E02316,2026-09-17,S04,P007,3,1999,2026-09-21T00:00:00
E02317,2026-09-18,S04,P008,5,1999,2026-09-21T00:00:00
E02318,2026-09-19,S04,P009,2,1999,2026-09-21T00:00:00
E02319,2026-09-20,S04,P010,2,1999,2026-09-21T00:00:00
E02320,2026-09-01,S01,P011,4,1999,2026-09-21T00:00:00
E02321,2026-09-02,S01,P012,3,999,2026-09-21T00:00:00
E02322,2026-09-03,S01,P013,4,4999,2026-09-21T00:00:00
E02323,2026-09-04,S01,P014,2,4999,2026-09-21T00:00:00
E02324,2026-09-05,S01,P015,3,1999,2026-09-21T00:00:00
E02325,2026-09-06,S01,P001,4,1999,2026-09-21T00:00:00
E02326,2026-09-07,S01,P002,4,999,2026-09-21T00:00:00
E02327,2026-09-08,S01,P003,5,999,2026-09-21T00:00:00
E02328,2026-09-09,S01,P004,5,999,2026-09-21T00:00:00
E02329,2026-09-10,S01,P005,1,1999,2026-09-21T00:00:00
E02330,2026-09-11,S01,P006,2,4999,2026-09-21T00:00:00
E02331,2026-09-12,S01,P007,4,999,2026-09-21T00:00:00
E02332,2026-09-13,S01,P008,2,999,2026-09-21T00:00:00
E02333,2026-09-14,S01,P009,4,549,2026-09-21T00:00:00
E02334,2026-09-15,S01,P010,2,4999,2026-09-21T00:00:00
E02335,2026-09-16,S01,P011,4,999,2026-09-21T00:00:00
E02336,2026-09-17,S01,P012,5,1999,2026-09-21T00:00:00
E02337,2026-09-18,S01,P013,4,1999,2026-09-21T00:00:00
E02338,2026-09-19,S01,P014,3,549,2026-09-21T00:00:00
E02339,2026-09-20,S01,P015,4,549,2026-09-21T00:00:00
E02340,2026-09-01,S02,P001,2,549,2026-09-21T00:00:00
E02341,2026-09-02,S02,P002,2,1999,2026-09-21T00:00:00
E02342,2026-09-03,S02,P003,4,549,2026-09-21T00:00:00
E02343,2026-09-04,S02,P004,4,1999,2026-09-21T00:00:00
E02344,2026-09-05,S02,P005,3,1999,2026-09-21T00:00:00
E02345,2026-09-06,S02,P006,3,1999,2026-09-21T00:00:00
E02346,2026-09-07,S02,P007,3,549,2026-09-21T00:00:00
E02347,2026-09-08,S02,P008,4,549,2026-09-21T00:00:00
E02348,2026-09-09,S02,P009,3,999,2026-09-21T00:00:00
E02349,2026-09-10,S02,P010,5,999,2026-09-21T00:00:00
E02350,2026-09-11,S02,P011,3,1999,2026-09-21T00:00:00
E02351,2026-09-12,S02,P012,3,4999,2026-09-21T00:00:00
E02352,2026-09-13,S02,P013,4,549,2026-09-21T00:00:00
E02353,2026-09-14,S02,P014,4,1999,2026-09-21T00:00:00
E02354,2026-09-15,S02,P015,4,999,2026-09-21T00:00:00
E02355,2026-09-16,S02,P001,2,1999,2026-09-21T00:00:00
E02356,2026-09-17,S02,P002,4,4999,2026-09-21T00:00:00
E02357,2026-09-18,S02,P003,1,549,2026-09-21T00:00:00
E02358,2026-09-19,S02,P004,2,1999,2026-09-21T00:00:00
E02359,2026-09-20,S02,P005,2,1999,2026-09-21T00:00:00
E02360,2026-09-01,S03,P006,3,1999,2026-09-21T00:00:00
E02361,2026-09-02,S03,P007,3,4999,2026-09-21T00:00:00
E02362,2026-09-03,S03,P008,3,4999,2026-09-21T00:00:00
E02363,2026-09-04,S03,P009,3,4999,2026-09-21T00:00:00
E02364,2026-09-05,S03,P010,4,999,2026-09-21T00:00:00
E02365,2026-09-06,S03,P011,2,549,2026-09-21T00:00:00
E02366,2026-09-07,S03,P012,2,999,2026-09-21T00:00:00
E02367,2026-09-08,S03,P013,3,549,2026-09-21T00:00:00
E02368,2026-09-09,S03,P014,2,999,2026-09-21T00:00:00
E02369,2026-09-10,S03,P015,4,549,2026-09-21T00:00:00
E02370,2026-09-11,S03,P001,1,549,2026-09-21T00:00:00
E02371,2026-09-12,S03,P002,4,549,2026-09-21T00:00:00
E02372,2026-09-13,S03,P003,1,4999,2026-09-21T00:00:00
E02373,2026-09-14,S03,P004,5,549,2026-09-21T00:00:00
E02374,2026-09-15,S03,P005,1,1999,2026-09-21T00:00:00
E02375,2026-09-16,S03,P006,5,999,2026-09-21T00:00:00
E02376,2026-09-17,S03,P007,1,4999,2026-09-21T00:00:00
E02377,2026-09-18,S03,P008,3,999,2026-09-21T00:00:00
E02378,2026-09-19,S03,P009,2,1999,2026-09-21T00:00:00
E02379,2026-09-20,S03,P010,4,999,2026-09-21T00:00:00
E02380,2026-09-01,S04,P011,2,999,2026-09-21T00:00:00
E02381,2026-09-02,S04,P012,1,549,2026-09-21T00:00:00
E02382,2026-09-03,S04,P013,3,1999,2026-09-21T00:00:00
E02383,2026-09-04,S04,P014,4,4999,2026-09-21T00:00:00
E02384,2026-09-05,S04,P015,5,1999,2026-09-21T00:00:00
E02385,2026-09-06,S04,P001,5,4999,2026-09-21T00:00:00
E02386,2026-09-07,S04,P002,2,999,2026-09-21T00:00:00
E02387,2026-09-08,S04,P003,5,4999,2026-09-21T00:00:00
E02388,2026-09-09,S04,P004,5,4999,2026-09-21T00:00:00
E02389,2026-09-10,S04,P005,5,1999,2026-09-21T00:00:00
E02390,2026-09-11,S04,P006,3,4999,2026-09-21T00:00:00
E02391,2026-09-12,S04,P007,5,999,2026-09-21T00:00:00
E02392,2026-09-13,S04,P008,1,4999,2026-09-21T00:00:00
E02393,2026-09-14,S04,P009,3,1999,2026-09-21T00:00:00
E02394,2026-09-15,S04,P010,4,1999,2026-09-21T00:00:00
E02395,2026-09-16,S04,P011,2,1999,2026-09-21T00:00:00
E02396,2026-09-17,S04,P012,1,549,2026-09-21T00:00:00
E02397,2026-09-18,S04,P013,5,999,2026-09-21T00:00:00
E02398,2026-09-19,S04,P014,3,1999,2026-09-21T00:00:00
E02399,2026-09-20,S04,P015,4,549,2026-09-21T00:00:00
E02400,2026-09-01,S01,P001,4,4999,2026-09-21T00:00:00
E02401,2026-09-02,S01,P002,3,549,2026-09-21T00:00:00
E02402,2026-09-03,S01,P003,4,1999,2026-09-21T00:00:00
E02403,2026-09-04,S01,P004,5,999,2026-09-21T00:00:00
E02404,2026-09-05,S01,P005,1,1999,2026-09-21T00:00:00
E02405,2026-09-06,S01,P006,2,4999,2026-09-21T00:00:00
E02406,2026-09-07,S01,P007,5,4999,2026-09-21T00:00:00
E02407,2026-09-08,S01,P008,4,999,2026-09-21T00:00:00
E02408,2026-09-09,S01,P009,2,4999,2026-09-21T00:00:00
E02409,2026-09-10,S01,P010,4,999,2026-09-21T00:00:00
E02410,2026-09-11,S01,P011,3,549,2026-09-21T00:00:00
E02411,2026-09-12,S01,P012,4,999,2026-09-21T00:00:00
E02412,2026-09-13,S01,P013,5,1999,2026-09-21T00:00:00
E02413,2026-09-14,S01,P014,3,1999,2026-09-21T00:00:00
E02414,2026-09-15,S01,P015,4,999,2026-09-21T00:00:00
E02415,2026-09-16,S01,P001,1,999,2026-09-21T00:00:00
E02416,2026-09-17,S01,P002,2,1999,2026-09-21T00:00:00
E02417,2026-09-18,S01,P003,1,4999,2026-09-21T00:00:00
E02418,2026-09-19,S01,P004,5,4999,2026-09-21T00:00:00
E02419,2026-09-20,S01,P005,3,4999,2026-09-21T00:00:00
E02420,2026-09-01,S02,P006,2,1999,2026-09-21T00:00:00
E02421,2026-09-02,S02,P007,1,999,2026-09-21T00:00:00
E02422,2026-09-03,S02,P008,1,549,2026-09-21T00:00:00
E02423,2026-09-04,S02,P009,2,549,2026-09-21T00:00:00
E02424,2026-09-05,S02,P010,3,1999,2026-09-21T00:00:00
E02425,2026-09-06,S02,P011,2,4999,2026-09-21T00:00:00
E02426,2026-09-07,S02,P012,1,999,2026-09-21T00:00:00
E02427,2026-09-08,S02,P013,1,999,2026-09-21T00:00:00
E02428,2026-09-09,S02,P014,1,4999,2026-09-21T00:00:00
E02429,2026-09-10,S02,P015,2,1999,2026-09-21T00:00:00
E02430,2026-09-11,S02,P001,4,1999,2026-09-21T00:00:00
E02431,2026-09-12,S02,P002,4,1999,2026-09-21T00:00:00
E02432,2026-09-13,S02,P003,4,549,2026-09-21T00:00:00
E02433,2026-09-14,S02,P004,3,549,2026-09-21T00:00:00
E02434,2026-09-15,S02,P005,2,549,2026-09-21T00:00:00
E02435,2026-09-16,S02,P006,3,4999,2026-09-21T00:00:00
E02436,2026-09-17,S02,P007,1,4999,2026-09-21T00:00:00
E02437,2026-09-18,S02,P008,2,999,2026-09-21T00:00:00
E02438,2026-09-19,S02,P009,3,4999,2026-09-21T00:00:00
E02439,2026-09-20,S02,P010,1,549,2026-09-21T00:00:00
E02440,2026-09-01,S03,P011,2,4999,2026-09-21T00:00:00
E02441,2026-09-02,S03,P012,4,999,2026-09-21T00:00:00
E02442,2026-09-03,S03,P013,1,999,2026-09-21T00:00:00
E02443,2026-09-04,S03,P014,4,549,2026-09-21T00:00:00
E02444,2026-09-05,S03,P015,5,999,2026-09-21T00:00:00
E02445,2026-09-06,S03,P001,4,4999,2026-09-21T00:00:00
E02446,2026-09-07,S03,P002,3,1999,2026-09-21T00:00:00
E02447,2026-09-08,S03,P003,2,549,2026-09-21T00:00:00
E02448,2026-09-09,S03,P004,5,549,2026-09-21T00:00:00
E02449,2026-09-10,S03,P005,3,4999,2026-09-21T00:00:00
E02450,2026-09-11,S03,P006,3,999,2026-09-21T00:00:00
E02451,2026-09-12,S03,P007,3,549,2026-09-21T00:00:00
E02452,2026-09-13,S03,P008,2,549,2026-09-21T00:00:00
E02453,2026-09-14,S03,P009,2,4999,2026-09-21T00:00:00
E02454,2026-09-15,S03,P010,3,549,2026-09-21T00:00:00
E02455,2026-09-16,S03,P011,2,1999,2026-09-21T00:00:00
E02456,2026-09-17,S03,P012,5,549,2026-09-21T00:00:00
E02457,2026-09-18,S03,P013,4,999,2026-09-21T00:00:00
E02458,2026-09-19,S03,P014,1,549,2026-09-21T00:00:00
E02459,2026-09-20,S03,P015,5,4999,2026-09-21T00:00:00
E02460,2026-09-01,S04,P001,5,999,2026-09-21T00:00:00
E02461,2026-09-02,S04,P002,3,549,2026-09-21T00:00:00
E02462,2026-09-03,S04,P003,2,999,2026-09-21T00:00:00
E02463,2026-09-04,S04,P004,4,549,2026-09-21T00:00:00
E02464,2026-09-05,S04,P005,5,1999,2026-09-21T00:00:00
E02465,2026-09-06,S04,P006,1,549,2026-09-21T00:00:00
E02466,2026-09-07,S04,P007,3,999,2026-09-21T00:00:00
E02467,2026-09-08,S04,P008,5,549,2026-09-21T00:00:00
E02468,2026-09-09,S04,P009,2,4999,2026-09-21T00:00:00
E02469,2026-09-10,S04,P010,2,1999,2026-09-21T00:00:00
E02470,2026-09-11,S04,P011,5,1999,2026-09-21T00:00:00
E02471,2026-09-12,S04,P012,4,999,2026-09-21T00:00:00
E02472,2026-09-13,S04,P013,1,4999,2026-09-21T00:00:00
E02473,2026-09-14,S04,P014,3,999,2026-09-21T00:00:00
E02474,2026-09-15,S04,P015,3,549,2026-09-21T00:00:00
E02475,2026-09-16,S04,P001,4,4999,2026-09-21T00:00:00
E02476,2026-09-17,S04,P002,5,1999,2026-09-21T00:00:00
E02477,2026-09-18,S04,P003,5,4999,2026-09-21T00:00:00
E02478,2026-09-19,S04,P004,2,999,2026-09-21T00:00:00
E02479,2026-09-20,S04,P005,5,1999,2026-09-21T00:00:00
E02480,2026-09-01,S01,P006,3,4999,2026-09-21T00:00:00
E02481,2026-09-02,S01,P007,3,999,2026-09-21T00:00:00
E02482,2026-09-03,S01,P008,1,999,2026-09-21T00:00:00
E02483,2026-09-04,S01,P009,4,1999,2026-09-21T00:00:00
E02484,2026-09-05,S01,P010,3,1999,2026-09-21T00:00:00
E02485,2026-09-06,S01,P011,4,549,2026-09-21T00:00:00
E02486,2026-09-07,S01,P012,5,4999,2026-09-21T00:00:00
E02487,2026-09-08,S01,P013,2,549,2026-09-21T00:00:00
E02488,2026-09-09,S01,P014,5,1999,2026-09-21T00:00:00
E02489,2026-09-10,S01,P015,5,999,2026-09-21T00:00:00
E02490,2026-09-11,S01,P001,3,549,2026-09-21T00:00:00
E02491,2026-09-12,S01,P002,5,4999,2026-09-21T00:00:00
E02492,2026-09-13,S01,P003,2,4999,2026-09-21T00:00:00
E02493,2026-09-14,S01,P004,5,999,2026-09-21T00:00:00
E02494,2026-09-15,S01,P005,5,1999,2026-09-21T00:00:00
E02495,2026-09-16,S01,P006,3,4999,2026-09-21T00:00:00
E02496,2026-09-17,S01,P007,3,549,2026-09-21T00:00:00
E02497,2026-09-18,S01,P008,1,549,2026-09-21T00:00:00
E02498,2026-09-19,S01,P009,1,999,2026-09-21T00:00:00
E02499,2026-09-20,S01,P010,2,549,2026-09-21T00:00:00
E02500,2026-09-01,S02,P011,2,549,2026-09-21T00:00:00
E02501,2026-09-02,S02,P012,4,999,2026-09-21T00:00:00
E02502,2026-09-03,S02,P013,1,549,2026-09-21T00:00:00
E02503,2026-09-04,S02,P014,5,4999,2026-09-21T00:00:00
E02504,2026-09-05,S02,P015,4,1999,2026-09-21T00:00:00
E02505,2026-09-06,S02,P001,1,1999,2026-09-21T00:00:00
E02506,2026-09-07,S02,P002,2,549,2026-09-21T00:00:00
E02507,2026-09-08,S02,P003,1,999,2026-09-21T00:00:00
E02508,2026-09-09,S02,P004,4,549,2026-09-21T00:00:00
E02509,2026-09-10,S02,P005,4,549,2026-09-21T00:00:00
E02510,2026-09-11,S02,P006,3,4999,2026-09-21T00:00:00
E02511,2026-09-12,S02,P007,3,549,2026-09-21T00:00:00
E02512,2026-09-13,S02,P008,5,1999,2026-09-21T00:00:00
E02513,2026-09-14,S02,P009,5,549,2026-09-21T00:00:00
E02514,2026-09-15,S02,P010,1,1999,2026-09-21T00:00:00
E02515,2026-09-16,S02,P011,1,999,2026-09-21T00:00:00
E02516,2026-09-17,S02,P012,5,549,2026-09-21T00:00:00
E02517,2026-09-18,S02,P013,1,999,2026-09-21T00:00:00
E02518,2026-09-19,S02,P014,5,4999,2026-09-21T00:00:00
E02519,2026-09-20,S02,P015,2,999,2026-09-21T00:00:00
E02520,2026-09-01,S03,P001,5,999,2026-09-21T00:00:00
E02521,2026-09-02,S03,P002,5,999,2026-09-21T00:00:00
E02522,2026-09-03,S03,P003,5,4999,2026-09-21T00:00:00
E02523,2026-09-04,S03,P004,1,1999,2026-09-21T00:00:00
E02524,2026-09-05,S03,P005,4,4999,2026-09-21T00:00:00
E02525,2026-09-06,S03,P006,1,999,2026-09-21T00:00:00
E02526,2026-09-07,S03,P007,2,4999,2026-09-21T00:00:00
E02527,2026-09-08,S03,P008,5,1999,2026-09-21T00:00:00
E02528,2026-09-09,S03,P009,2,4999,2026-09-21T00:00:00
E02529,2026-09-10,S03,P010,3,1999,2026-09-21T00:00:00
E02530,2026-09-11,S03,P011,5,1999,2026-09-21T00:00:00
E02531,2026-09-12,S03,P012,3,4999,2026-09-21T00:00:00
E02532,2026-09-13,S03,P013,4,1999,2026-09-21T00:00:00
E02533,2026-09-14,S03,P014,5,999,2026-09-21T00:00:00
E02534,2026-09-15,S03,P015,5,999,2026-09-21T00:00:00
E02535,2026-09-16,S03,P001,4,1999,2026-09-21T00:00:00
E02536,2026-09-17,S03,P002,3,4999,2026-09-21T00:00:00
E02537,2026-09-18,S03,P003,4,4999,2026-09-21T00:00:00
E02538,2026-09-19,S03,P004,1,549,2026-09-21T00:00:00
E02539,2026-09-20,S03,P005,3,549,2026-09-21T00:00:00
E02540,2026-09-01,S04,P006,5,999,2026-09-21T00:00:00
E02541,2026-09-02,S04,P007,3,549,2026-09-21T00:00:00
E02542,2026-09-03,S04,P008,3,999,2026-09-21T00:00:00
E02543,2026-09-04,S04,P009,2,1999,2026-09-21T00:00:00
E02544,2026-09-05,S04,P010,1,1999,2026-09-21T00:00:00
E02545,2026-09-06,S04,P011,5,999,2026-09-21T00:00:00
E02546,2026-09-07,S04,P012,1,549,2026-09-21T00:00:00
E02547,2026-09-08,S04,P013,4,1999,2026-09-21T00:00:00
E02548,2026-09-09,S04,P014,2,999,2026-09-21T00:00:00
E02549,2026-09-10,S04,P015,3,1999,2026-09-21T00:00:00
E02550,2026-09-11,S04,P001,5,999,2026-09-21T00:00:00
E02551,2026-09-12,S04,P002,2,1999,2026-09-21T00:00:00
E02552,2026-09-13,S04,P003,3,549,2026-09-21T00:00:00
E02553,2026-09-14,S04,P004,5,4999,2026-09-21T00:00:00
E02554,2026-09-15,S04,P005,5,999,2026-09-21T00:00:00
E02555,2026-09-16,S04,P006,1,1999,2026-09-21T00:00:00
E02556,2026-09-17,S04,P007,4,999,2026-09-21T00:00:00
E02557,2026-09-18,S04,P008,4,549,2026-09-21T00:00:00
E02558,2026-09-19,S04,P009,5,1999,2026-09-21T00:00:00
E02559,2026-09-20,S04,P010,1,4999,2026-09-21T00:00:00
E02560,2026-09-01,S01,P011,1,549,2026-09-21T00:00:00
E02561,2026-09-02,S01,P012,3,1999,2026-09-21T00:00:00
E02562,2026-09-03,S01,P013,4,4999,2026-09-21T00:00:00
E02563,2026-09-04,S01,P014,1,999,2026-09-21T00:00:00
E02564,2026-09-05,S01,P015,5,549,2026-09-21T00:00:00
E02565,2026-09-06,S01,P001,4,549,2026-09-21T00:00:00
E02566,2026-09-07,S01,P002,3,549,2026-09-21T00:00:00
E02567,2026-09-08,S01,P003,3,999,2026-09-21T00:00:00
E02568,2026-09-09,S01,P004,3,999,2026-09-21T00:00:00
E02569,2026-09-10,S01,P005,2,549,2026-09-21T00:00:00
E02570,2026-09-11,S01,P006,4,4999,2026-09-21T00:00:00
E02571,2026-09-12,S01,P007,5,549,2026-09-21T00:00:00
E02572,2026-09-13,S01,P008,2,4999,2026-09-21T00:00:00
E02573,2026-09-14,S01,P009,3,4999,2026-09-21T00:00:00
E02574,2026-09-15,S01,P010,2,999,2026-09-21T00:00:00
E02575,2026-09-16,S01,P011,3,549,2026-09-21T00:00:00
E02576,2026-09-17,S01,P012,4,549,2026-09-21T00:00:00
E02577,2026-09-18,S01,P013,5,4999,2026-09-21T00:00:00
E02578,2026-09-19,S01,P014,3,549,2026-09-21T00:00:00
E02579,2026-09-20,S01,P015,4,4999,2026-09-21T00:00:00
E02580,2026-09-01,S02,P001,2,999,2026-09-21T00:00:00
E02581,2026-09-02,S02,P002,4,999,2026-09-21T00:00:00
E02582,2026-09-03,S02,P003,4,4999,2026-09-21T00:00:00
E02583,2026-09-04,S02,P004,5,999,2026-09-21T00:00:00
E02584,2026-09-05,S02,P005,5,999,2026-09-21T00:00:00
E02585,2026-09-06,S02,P006,2,549,2026-09-21T00:00:00
E02586,2026-09-07,S02,P007,3,4999,2026-09-21T00:00:00
E02587,2026-09-08,S02,P008,3,549,2026-09-21T00:00:00
E02588,2026-09-09,S02,P009,1,4999,2026-09-21T00:00:00
E02589,2026-09-10,S02,P010,4,1999,2026-09-21T00:00:00
E02590,2026-09-11,S02,P011,3,999,2026-09-21T00:00:00
E02591,2026-09-12,S02,P012,3,1999,2026-09-21T00:00:00
E02592,2026-09-13,S02,P013,5,549,2026-09-21T00:00:00
E02593,2026-09-14,S02,P014,3,999,2026-09-21T00:00:00
E02594,2026-09-15,S02,P015,3,4999,2026-09-21T00:00:00
E02595,2026-09-16,S02,P001,5,999,2026-09-21T00:00:00
E02596,2026-09-17,S02,P002,4,549,2026-09-21T00:00:00
E02597,2026-09-18,S02,P003,2,999,2026-09-21T00:00:00
E02598,2026-09-19,S02,P004,3,999,2026-09-21T00:00:00
E02599,2026-09-20,S02,P005,1,549,2026-09-21T00:00:00
E02600,2026-09-01,S03,P006,1,999,2026-09-21T00:00:00
E02601,2026-09-02,S03,P007,5,999,2026-09-21T00:00:00
E02602,2026-09-03,S03,P008,3,549,2026-09-21T00:00:00
E02603,2026-09-04,S03,P009,3,549,2026-09-21T00:00:00
E02604,2026-09-05,S03,P010,3,4999,2026-09-21T00:00:00
E02605,2026-09-06,S03,P011,4,549,2026-09-21T00:00:00
E02606,2026-09-07,S03,P012,3,999,2026-09-21T00:00:00
E02607,2026-09-08,S03,P013,5,999,2026-09-21T00:00:00
E02608,2026-09-09,S03,P014,2,1999,2026-09-21T00:00:00
E02609,2026-09-10,S03,P015,5,4999,2026-09-21T00:00:00
E02610,2026-09-11,S03,P001,5,999,2026-09-21T00:00:00
E02611,2026-09-12,S03,P002,1,4999,2026-09-21T00:00:00
E02612,2026-09-13,S03,P003,5,549,2026-09-21T00:00:00
E02613,2026-09-14,S03,P004,3,999,2026-09-21T00:00:00
E02614,2026-09-15,S03,P005,1,1999,2026-09-21T00:00:00
E02615,2026-09-16,S03,P006,2,1999,2026-09-21T00:00:00
E02616,2026-09-17,S03,P007,1,4999,2026-09-21T00:00:00
E02617,2026-09-18,S03,P008,1,549,2026-09-21T00:00:00
E02618,2026-09-19,S03,P009,4,1999,2026-09-21T00:00:00
E02619,2026-09-20,S03,P010,3,549,2026-09-21T00:00:00
E02620,2026-09-01,S04,P011,1,1999,2026-09-21T00:00:00
E02621,2026-09-02,S04,P012,4,999,2026-09-21T00:00:00
E02622,2026-09-03,S04,P013,4,549,2026-09-21T00:00:00
E02623,2026-09-04,S04,P014,3,4999,2026-09-21T00:00:00
E02624,2026-09-05,S04,P015,5,549,2026-09-21T00:00:00
E02625,2026-09-06,S04,P001,2,999,2026-09-21T00:00:00
E02626,2026-09-07,S04,P002,5,4999,2026-09-21T00:00:00
E02627,2026-09-08,S04,P003,5,549,2026-09-21T00:00:00
E02628,2026-09-09,S04,P004,1,999,2026-09-21T00:00:00
E02629,2026-09-10,S04,P005,5,1999,2026-09-21T00:00:00
E02630,2026-09-11,S04,P006,3,4999,2026-09-21T00:00:00
E02631,2026-09-12,S04,P007,4,999,2026-09-21T00:00:00
E02632,2026-09-13,S04,P008,1,1999,2026-09-21T00:00:00
E02633,2026-09-14,S04,P009,3,1999,2026-09-21T00:00:00
E02634,2026-09-15,S04,P010,3,999,2026-09-21T00:00:00
E02635,2026-09-16,S04,P011,5,1999,2026-09-21T00:00:00
E02636,2026-09-17,S04,P012,1,1999,2026-09-21T00:00:00
E02637,2026-09-18,S04,P013,4,549,2026-09-21T00:00:00
E02638,2026-09-19,S04,P014,5,1999,2026-09-21T00:00:00
E02639,2026-09-20,S04,P015,2,999,2026-09-21T00:00:00
E02640,2026-09-01,S01,P001,3,4999,2026-09-21T00:00:00
E02641,2026-09-02,S01,P002,2,549,2026-09-21T00:00:00
E02642,2026-09-03,S01,P003,4,999,2026-09-21T00:00:00
E02643,2026-09-04,S01,P004,4,999,2026-09-21T00:00:00
E02644,2026-09-05,S01,P005,5,999,2026-09-21T00:00:00
E02645,2026-09-06,S01,P006,4,1999,2026-09-21T00:00:00
E02646,2026-09-07,S01,P007,5,1999,2026-09-21T00:00:00
E02647,2026-09-08,S01,P008,4,999,2026-09-21T00:00:00
E02648,2026-09-09,S01,P009,2,999,2026-09-21T00:00:00
E02649,2026-09-10,S01,P010,5,999,2026-09-21T00:00:00
E02650,2026-09-11,S01,P011,2,1999,2026-09-21T00:00:00
E02651,2026-09-12,S01,P012,5,999,2026-09-21T00:00:00
E02652,2026-09-13,S01,P013,4,999,2026-09-21T00:00:00
E02653,2026-09-14,S01,P014,5,999,2026-09-21T00:00:00
E02654,2026-09-15,S01,P015,3,549,2026-09-21T00:00:00
E02655,2026-09-16,S01,P001,5,549,2026-09-21T00:00:00
E02656,2026-09-17,S01,P002,2,1999,2026-09-21T00:00:00
E02657,2026-09-18,S01,P003,2,549,2026-09-21T00:00:00
E02658,2026-09-19,S01,P004,3,4999,2026-09-21T00:00:00
E02659,2026-09-20,S01,P005,4,1999,2026-09-21T00:00:00
E02660,2026-09-01,S02,P006,4,1999,2026-09-21T00:00:00
E02661,2026-09-02,S02,P007,2,999,2026-09-21T00:00:00
E02662,2026-09-03,S02,P008,1,999,2026-09-21T00:00:00
E02663,2026-09-04,S02,P009,2,549,2026-09-21T00:00:00
E02664,2026-09-05,S02,P010,5,1999,2026-09-21T00:00:00
E02665,2026-09-06,S02,P011,5,999,2026-09-21T00:00:00
E02666,2026-09-07,S02,P012,5,999,2026-09-21T00:00:00
E02667,2026-09-08,S02,P013,2,549,2026-09-21T00:00:00
E02668,2026-09-09,S02,P014,3,549,2026-09-21T00:00:00
E02669,2026-09-10,S02,P015,4,999,2026-09-21T00:00:00
E02670,2026-09-11,S02,P001,5,4999,2026-09-21T00:00:00
E02671,2026-09-12,S02,P002,3,999,2026-09-21T00:00:00
E02672,2026-09-13,S02,P003,4,4999,2026-09-21T00:00:00
E02673,2026-09-14,S02,P004,4,999,2026-09-21T00:00:00
E02674,2026-09-15,S02,P005,2,999,2026-09-21T00:00:00
E02675,2026-09-16,S02,P006,2,549,2026-09-21T00:00:00
E02676,2026-09-17,S02,P007,4,549,2026-09-21T00:00:00
E02677,2026-09-18,S02,P008,3,4999,2026-09-21T00:00:00
E02678,2026-09-19,S02,P009,2,999,2026-09-21T00:00:00
E02679,2026-09-20,S02,P010,2,549,2026-09-21T00:00:00
E02680,2026-09-01,S03,P011,2,4999,2026-09-21T00:00:00
E02681,2026-09-02,S03,P012,5,4999,2026-09-21T00:00:00
E02682,2026-09-03,S03,P013,3,4999,2026-09-21T00:00:00
E02683,2026-09-04,S03,P014,2,4999,2026-09-21T00:00:00
E02684,2026-09-05,S03,P015,4,549,2026-09-21T00:00:00
E02685,2026-09-06,S03,P001,5,4999,2026-09-21T00:00:00
E02686,2026-09-07,S03,P002,3,4999,2026-09-21T00:00:00
E02687,2026-09-08,S03,P003,5,549,2026-09-21T00:00:00
E02688,2026-09-09,S03,P004,5,549,2026-09-21T00:00:00
E02689,2026-09-10,S03,P005,4,4999,2026-09-21T00:00:00
E02690,2026-09-11,S03,P006,1,999,2026-09-21T00:00:00
E02691,2026-09-12,S03,P007,5,4999,2026-09-21T00:00:00
E02692,2026-09-13,S03,P008,1,4999,2026-09-21T00:00:00
E02693,2026-09-14,S03,P009,5,549,2026-09-21T00:00:00
E02694,2026-09-15,S03,P010,2,1999,2026-09-21T00:00:00
E02695,2026-09-16,S03,P011,4,4999,2026-09-21T00:00:00
E02696,2026-09-17,S03,P012,3,1999,2026-09-21T00:00:00
E02697,2026-09-18,S03,P013,4,999,2026-09-21T00:00:00
E02698,2026-09-19,S03,P014,4,1999,2026-09-21T00:00:00
E02699,2026-09-20,S03,P015,5,549,2026-09-21T00:00:00
E02700,2026-09-01,S04,P001,5,999,2026-09-21T00:00:00
E02701,2026-09-02,S04,P002,4,4999,2026-09-21T00:00:00
E02702,2026-09-03,S04,P003,1,549,2026-09-21T00:00:00
E02703,2026-09-04,S04,P004,2,999,2026-09-21T00:00:00
E02704,2026-09-05,S04,P005,4,4999,2026-09-21T00:00:00
E02705,2026-09-06,S04,P006,3,4999,2026-09-21T00:00:00
E02706,2026-09-07,S04,P007,1,999,2026-09-21T00:00:00
E02707,2026-09-08,S04,P008,4,999,2026-09-21T00:00:00
E02708,2026-09-09,S04,P009,4,549,2026-09-21T00:00:00
E02709,2026-09-10,S04,P010,3,1999,2026-09-21T00:00:00
E02710,2026-09-11,S04,P011,2,549,2026-09-21T00:00:00
E02711,2026-09-12,S04,P012,1,549,2026-09-21T00:00:00
E02712,2026-09-13,S04,P013,4,1999,2026-09-21T00:00:00
E02713,2026-09-14,S04,P014,1,4999,2026-09-21T00:00:00
E02714,2026-09-15,S04,P015,5,999,2026-09-21T00:00:00
E02715,2026-09-16,S04,P001,4,4999,2026-09-21T00:00:00
E02716,2026-09-17,S04,P002,1,999,2026-09-21T00:00:00
E02717,2026-09-18,S04,P003,3,999,2026-09-21T00:00:00
E02718,2026-09-19,S04,P004,2,999,2026-09-21T00:00:00
E02719,2026-09-20,S04,P005,2,549,2026-09-21T00:00:00
E02720,2026-09-01,S01,P006,4,1999,2026-09-21T00:00:00
E02721,2026-09-02,S01,P007,3,4999,2026-09-21T00:00:00
E02722,2026-09-03,S01,P008,3,999,2026-09-21T00:00:00
E02723,2026-09-04,S01,P009,1,999,2026-09-21T00:00:00
E02724,2026-09-05,S01,P010,2,549,2026-09-21T00:00:00
E02725,2026-09-06,S01,P011,5,1999,2026-09-21T00:00:00
E02726,2026-09-07,S01,P012,1,4999,2026-09-21T00:00:00
E02727,2026-09-08,S01,P013,4,4999,2026-09-21T00:00:00
E02728,2026-09-09,S01,P014,5,549,2026-09-21T00:00:00
E02729,2026-09-10,S01,P015,5,4999,2026-09-21T00:00:00
E02730,2026-09-11,S01,P001,2,999,2026-09-21T00:00:00
E02731,2026-09-12,S01,P002,5,4999,2026-09-21T00:00:00
E02732,2026-09-13,S01,P003,4,4999,2026-09-21T00:00:00
E02733,2026-09-14,S01,P004,4,549,2026-09-21T00:00:00
E02734,2026-09-15,S01,P005,5,549,2026-09-21T00:00:00
E02735,2026-09-16,S01,P006,2,1999,2026-09-21T00:00:00
E02736,2026-09-17,S01,P007,5,999,2026-09-21T00:00:00
E02737,2026-09-18,S01,P008,1,999,2026-09-21T00:00:00
E02738,2026-09-19,S01,P009,2,549,2026-09-21T00:00:00
E02739,2026-09-20,S01,P010,3,549,2026-09-21T00:00:00
E02740,2026-09-01,S02,P011,2,549,2026-09-21T00:00:00
E02741,2026-09-02,S02,P012,5,1999,2026-09-21T00:00:00
E02742,2026-09-03,S02,P013,3,549,2026-09-21T00:00:00
E02743,2026-09-04,S02,P014,1,549,2026-09-21T00:00:00
E02744,2026-09-05,S02,P015,4,999,2026-09-21T00:00:00
E02745,2026-09-06,S02,P001,2,1999,2026-09-21T00:00:00
E02746,2026-09-07,S02,P002,5,999,2026-09-21T00:00:00
E02747,2026-09-08,S02,P003,4,1999,2026-09-21T00:00:00
E02748,2026-09-09,S02,P004,1,549,2026-09-21T00:00:00
E02749,2026-09-10,S02,P005,3,1999,2026-09-21T00:00:00
E02750,2026-09-11,S02,P006,3,4999,2026-09-21T00:00:00
E02751,2026-09-12,S02,P007,1,4999,2026-09-21T00:00:00
E02752,2026-09-13,S02,P008,5,549,2026-09-21T00:00:00
E02753,2026-09-14,S02,P009,3,4999,2026-09-21T00:00:00
E02754,2026-09-15,S02,P010,2,549,2026-09-21T00:00:00
E02755,2026-09-16,S02,P011,3,1999,2026-09-21T00:00:00
E02756,2026-09-17,S02,P012,5,4999,2026-09-21T00:00:00
E02757,2026-09-18,S02,P013,5,999,2026-09-21T00:00:00
E02758,2026-09-19,S02,P014,2,549,2026-09-21T00:00:00
E02759,2026-09-20,S02,P015,1,549,2026-09-21T00:00:00
E02760,2026-09-01,S03,P001,4,1999,2026-09-21T00:00:00
E02761,2026-09-02,S03,P002,4,1999,2026-09-21T00:00:00
E02762,2026-09-03,S03,P003,3,1999,2026-09-21T00:00:00
E02763,2026-09-04,S03,P004,2,4999,2026-09-21T00:00:00
E02764,2026-09-05,S03,P005,5,4999,2026-09-21T00:00:00
E02765,2026-09-06,S03,P006,4,999,2026-09-21T00:00:00
E02766,2026-09-07,S03,P007,5,999,2026-09-21T00:00:00
E02767,2026-09-08,S03,P008,3,999,2026-09-21T00:00:00
E02768,2026-09-09,S03,P009,1,549,2026-09-21T00:00:00
E02769,2026-09-10,S03,P010,1,4999,2026-09-21T00:00:00
E02770,2026-09-11,S03,P011,1,999,2026-09-21T00:00:00
E02771,2026-09-12,S03,P012,5,4999,2026-09-21T00:00:00
E02772,2026-09-13,S03,P013,4,549,2026-09-21T00:00:00
E02773,2026-09-14,S03,P014,3,1999,2026-09-21T00:00:00
E02774,2026-09-15,S03,P015,5,999,2026-09-21T00:00:00
E02775,2026-09-16,S03,P001,1,999,2026-09-21T00:00:00
E02776,2026-09-17,S03,P002,3,1999,2026-09-21T00:00:00
E02777,2026-09-18,S03,P003,1,1999,2026-09-21T00:00:00
E02778,2026-09-19,S03,P004,3,1999,2026-09-21T00:00:00
E02779,2026-09-20,S03,P005,1,549,2026-09-21T00:00:00
E02780,2026-09-01,S04,P006,3,1999,2026-09-21T00:00:00
E02781,2026-09-02,S04,P007,4,549,2026-09-21T00:00:00
E02782,2026-09-03,S04,P008,2,999,2026-09-21T00:00:00
E02783,2026-09-04,S04,P009,3,1999,2026-09-21T00:00:00
E02784,2026-09-05,S04,P010,4,4999,2026-09-21T00:00:00
E02785,2026-09-06,S04,P011,1,999,2026-09-21T00:00:00
E02786,2026-09-07,S04,P012,4,999,2026-09-21T00:00:00
E02787,2026-09-08,S04,P013,4,1999,2026-09-21T00:00:00
E02788,2026-09-09,S04,P014,4,4999,2026-09-21T00:00:00
E02789,2026-09-10,S04,P015,1,1999,2026-09-21T00:00:00
E02790,2026-09-11,S04,P001,5,1999,2026-09-21T00:00:00
E02791,2026-09-12,S04,P002,5,549,2026-09-21T00:00:00
E02792,2026-09-13,S04,P003,2,1999,2026-09-21T00:00:00
E02793,2026-09-14,S04,P004,3,549,2026-09-21T00:00:00
E02794,2026-09-15,S04,P005,2,1999,2026-09-21T00:00:00
E02795,2026-09-16,S04,P006,1,1999,2026-09-21T00:00:00
E02796,2026-09-17,S04,P007,4,999,2026-09-21T00:00:00
E02797,2026-09-18,S04,P008,5,4999,2026-09-21T00:00:00
E02798,2026-09-19,S04,P009,2,549,2026-09-21T00:00:00
E02799,2026-09-20,S04,P010,3,1999,2026-09-21T00:00:00
E02800,2026-09-01,S01,P011,1,1999,2026-09-21T00:00:00
E02801,2026-09-02,S01,P012,4,549,2026-09-21T00:00:00
E02802,2026-09-03,S01,P013,4,999,2026-09-21T00:00:00
E02803,2026-09-04,S01,P014,3,4999,2026-09-21T00:00:00
E02804,2026-09-05,S01,P015,3,999,2026-09-21T00:00:00
E02805,2026-09-06,S01,P001,5,1999,2026-09-21T00:00:00
E02806,2026-09-07,S01,P002,2,549,2026-09-21T00:00:00
E02807,2026-09-08,S01,P003,3,549,2026-09-21T00:00:00
E02808,2026-09-09,S01,P004,2,549,2026-09-21T00:00:00
E02809,2026-09-10,S01,P005,4,549,2026-09-21T00:00:00
E02810,2026-09-11,S01,P006,4,999,2026-09-21T00:00:00
E02811,2026-09-12,S01,P007,2,1999,2026-09-21T00:00:00
E02812,2026-09-13,S01,P008,4,1999,2026-09-21T00:00:00
E02813,2026-09-14,S01,P009,3,999,2026-09-21T00:00:00
E02814,2026-09-15,S01,P010,1,999,2026-09-21T00:00:00
E02815,2026-09-16,S01,P011,2,549,2026-09-21T00:00:00
E02816,2026-09-17,S01,P012,4,4999,2026-09-21T00:00:00
E02817,2026-09-18,S01,P013,5,549,2026-09-21T00:00:00
E02818,2026-09-19,S01,P014,1,1999,2026-09-21T00:00:00
E02819,2026-09-20,S01,P015,1,549,2026-09-21T00:00:00
E02820,2026-09-01,S02,P001,3,4999,2026-09-21T00:00:00
E02821,2026-09-02,S02,P002,1,549,2026-09-21T00:00:00
E02822,2026-09-03,S02,P003,5,1999,2026-09-21T00:00:00
E02823,2026-09-04,S02,P004,1,1999,2026-09-21T00:00:00
E02824,2026-09-05,S02,P005,2,1999,2026-09-21T00:00:00
E02825,2026-09-06,S02,P006,2,999,2026-09-21T00:00:00
E02826,2026-09-07,S02,P007,3,1999,2026-09-21T00:00:00
E02827,2026-09-08,S02,P008,5,1999,2026-09-21T00:00:00
E02828,2026-09-09,S02,P009,4,549,2026-09-21T00:00:00
E02829,2026-09-10,S02,P010,3,999,2026-09-21T00:00:00
E02830,2026-09-11,S02,P011,2,1999,2026-09-21T00:00:00
E02831,2026-09-12,S02,P012,1,549,2026-09-21T00:00:00
E02832,2026-09-13,S02,P013,5,549,2026-09-21T00:00:00
E02833,2026-09-14,S02,P014,2,1999,2026-09-21T00:00:00
E02834,2026-09-15,S02,P015,5,1999,2026-09-21T00:00:00
E02835,2026-09-16,S02,P001,3,999,2026-09-21T00:00:00
E02836,2026-09-17,S02,P002,3,999,2026-09-21T00:00:00
E02837,2026-09-18,S02,P003,2,549,2026-09-21T00:00:00
E02838,2026-09-19,S02,P004,3,1999,2026-09-21T00:00:00
E02839,2026-09-20,S02,P005,5,4999,2026-09-21T00:00:00
E02840,2026-09-01,S03,P006,1,999,2026-09-21T00:00:00
E02841,2026-09-02,S03,P007,1,4999,2026-09-21T00:00:00
E02842,2026-09-03,S03,P008,1,549,2026-09-21T00:00:00
E02843,2026-09-04,S03,P009,4,549,2026-09-21T00:00:00
E02844,2026-09-05,S03,P010,1,4999,2026-09-21T00:00:00
E02845,2026-09-06,S03,P011,4,999,2026-09-21T00:00:00
E02846,2026-09-07,S03,P012,5,4999,2026-09-21T00:00:00
E02847,2026-09-08,S03,P013,5,1999,2026-09-21T00:00:00
E02848,2026-09-09,S03,P014,3,1999,2026-09-21T00:00:00
E02849,2026-09-10,S03,P015,2,549,2026-09-21T00:00:00
E02850,2026-09-11,S03,P001,4,999,2026-09-21T00:00:00
E02851,2026-09-12,S03,P002,1,4999,2026-09-21T00:00:00
E02852,2026-09-13,S03,P003,1,4999,2026-09-21T00:00:00
E02853,2026-09-14,S03,P004,3,4999,2026-09-21T00:00:00
E02854,2026-09-15,S03,P005,4,999,2026-09-21T00:00:00
E02855,2026-09-16,S03,P006,2,999,2026-09-21T00:00:00
E02856,2026-09-17,S03,P007,5,1999,2026-09-21T00:00:00
E02857,2026-09-18,S03,P008,3,4999,2026-09-21T00:00:00
E02858,2026-09-19,S03,P009,2,1999,2026-09-21T00:00:00
E02859,2026-09-20,S03,P010,3,4999,2026-09-21T00:00:00
E02860,2026-09-01,S04,P011,4,549,2026-09-21T00:00:00
E02861,2026-09-02,S04,P012,1,4999,2026-09-21T00:00:00
E02862,2026-09-03,S04,P013,1,1999,2026-09-21T00:00:00
E02863,2026-09-04,S04,P014,4,4999,2026-09-21T00:00:00
E02864,2026-09-05,S04,P015,2,1999,2026-09-21T00:00:00
E02865,2026-09-06,S04,P001,3,999,2026-09-21T00:00:00
E02866,2026-09-07,S04,P002,5,549,2026-09-21T00:00:00
E02867,2026-09-08,S04,P003,4,549,2026-09-21T00:00:00
E02868,2026-09-09,S04,P004,3,549,2026-09-21T00:00:00
E02869,2026-09-10,S04,P005,3,4999,2026-09-21T00:00:00
E02870,2026-09-11,S04,P006,4,4999,2026-09-21T00:00:00
E02871,2026-09-12,S04,P007,2,999,2026-09-21T00:00:00
E02872,2026-09-13,S04,P008,5,999,2026-09-21T00:00:00
E02873,2026-09-14,S04,P009,4,4999,2026-09-21T00:00:00
E02874,2026-09-15,S04,P010,1,1999,2026-09-21T00:00:00
E02875,2026-09-16,S04,P011,2,4999,2026-09-21T00:00:00
E02876,2026-09-17,S04,P012,4,1999,2026-09-21T00:00:00
E02877,2026-09-18,S04,P013,5,999,2026-09-21T00:00:00
E02878,2026-09-19,S04,P014,2,549,2026-09-21T00:00:00
E02879,2026-09-20,S04,P015,5,4999,2026-09-21T00:00:00
E02880,2026-09-01,S01,P001,1,4999,2026-09-21T00:00:00
E02881,2026-09-02,S01,P002,3,549,2026-09-21T00:00:00
E02882,2026-09-03,S01,P003,4,999,2026-09-21T00:00:00
E02883,2026-09-04,S01,P004,3,4999,2026-09-21T00:00:00
E02884,2026-09-05,S01,P005,1,549,2026-09-21T00:00:00
E02885,2026-09-06,S01,P006,5,4999,2026-09-21T00:00:00
E02886,2026-09-07,S01,P007,3,4999,2026-09-21T00:00:00
E02887,2026-09-08,S01,P008,1,549,2026-09-21T00:00:00
E02888,2026-09-09,S01,P009,2,999,2026-09-21T00:00:00
E02889,2026-09-10,S01,P010,5,549,2026-09-21T00:00:00
E02890,2026-09-11,S01,P011,2,999,2026-09-21T00:00:00
E02891,2026-09-12,S01,P012,4,1999,2026-09-21T00:00:00
E02892,2026-09-13,S01,P013,4,4999,2026-09-21T00:00:00
E02893,2026-09-14,S01,P014,2,999,2026-09-21T00:00:00
E02894,2026-09-15,S01,P015,3,1999,2026-09-21T00:00:00
E02895,2026-09-16,S01,P001,5,1999,2026-09-21T00:00:00
E02896,2026-09-17,S01,P002,4,1999,2026-09-21T00:00:00
E02897,2026-09-18,S01,P003,1,549,2026-09-21T00:00:00
E02898,2026-09-19,S01,P004,5,4999,2026-09-21T00:00:00
E02899,2026-09-20,S01,P005,2,1999,2026-09-21T00:00:00
E02900,2026-09-01,S02,P006,1,1999,2026-09-21T00:00:00
E02901,2026-09-02,S02,P007,5,549,2026-09-21T00:00:00
E02902,2026-09-03,S02,P008,1,1999,2026-09-21T00:00:00
E02903,2026-09-04,S02,P009,1,1999,2026-09-21T00:00:00
E02904,2026-09-05,S02,P010,1,999,2026-09-21T00:00:00
E02905,2026-09-06,S02,P011,4,4999,2026-09-21T00:00:00
E02906,2026-09-07,S02,P012,3,4999,2026-09-21T00:00:00
E02907,2026-09-08,S02,P013,4,4999,2026-09-21T00:00:00
E02908,2026-09-09,S02,P014,4,999,2026-09-21T00:00:00
E02909,2026-09-10,S02,P015,2,4999,2026-09-21T00:00:00
E02910,2026-09-11,S02,P001,2,999,2026-09-21T00:00:00
E02911,2026-09-12,S02,P002,5,4999,2026-09-21T00:00:00
E02912,2026-09-13,S02,P003,3,4999,2026-09-21T00:00:00
E02913,2026-09-14,S02,P004,2,1999,2026-09-21T00:00:00
E02914,2026-09-15,S02,P005,2,999,2026-09-21T00:00:00
E02915,2026-09-16,S02,P006,1,549,2026-09-21T00:00:00
E02916,2026-09-17,S02,P007,1,999,2026-09-21T00:00:00
E02917,2026-09-18,S02,P008,4,4999,2026-09-21T00:00:00
E02918,2026-09-19,S02,P009,2,549,2026-09-21T00:00:00
E02919,2026-09-20,S02,P010,2,4999,2026-09-21T00:00:00
E02920,2026-09-01,S03,P011,4,4999,2026-09-21T00:00:00
E02921,2026-09-02,S03,P012,5,999,2026-09-21T00:00:00
E02922,2026-09-03,S03,P013,4,4999,2026-09-21T00:00:00
E02923,2026-09-04,S03,P014,5,4999,2026-09-21T00:00:00
E02924,2026-09-05,S03,P015,4,1999,2026-09-21T00:00:00
E02925,2026-09-06,S03,P001,2,999,2026-09-21T00:00:00
E02926,2026-09-07,S03,P002,4,549,2026-09-21T00:00:00
E02927,2026-09-08,S03,P003,5,4999,2026-09-21T00:00:00
E02928,2026-09-09,S03,P004,2,1999,2026-09-21T00:00:00
E02929,2026-09-10,S03,P005,4,1999,2026-09-21T00:00:00
E02930,2026-09-11,S03,P006,1,549,2026-09-21T00:00:00
E02931,2026-09-12,S03,P007,5,4999,2026-09-21T00:00:00
E02932,2026-09-13,S03,P008,3,549,2026-09-21T00:00:00
E02933,2026-09-14,S03,P009,5,4999,2026-09-21T00:00:00
E02934,2026-09-15,S03,P010,1,999,2026-09-21T00:00:00
E02935,2026-09-16,S03,P011,5,1999,2026-09-21T00:00:00
E02936,2026-09-17,S03,P012,4,549,2026-09-21T00:00:00
E02937,2026-09-18,S03,P013,5,549,2026-09-21T00:00:00
E02938,2026-09-19,S03,P014,2,4999,2026-09-21T00:00:00
E02939,2026-09-20,S03,P015,1,1999,2026-09-21T00:00:00
E02940,2026-09-01,S04,P001,5,549,2026-09-21T00:00:00
E02941,2026-09-02,S04,P002,3,549,2026-09-21T00:00:00
E02942,2026-09-03,S04,P003,4,4999,2026-09-21T00:00:00
E02943,2026-09-04,S04,P004,5,4999,2026-09-21T00:00:00
E02944,2026-09-05,S04,P005,5,1999,2026-09-21T00:00:00
E02945,2026-09-06,S04,P006,4,1999,2026-09-21T00:00:00
E02946,2026-09-07,S04,P007,3,1999,2026-09-21T00:00:00
E02947,2026-09-08,S04,P008,2,549,2026-09-21T00:00:00
E02948,2026-09-09,S04,P009,5,1999,2026-09-21T00:00:00
E02949,2026-09-10,S04,P010,5,1999,2026-09-21T00:00:00
E02950,2026-09-11,S04,P011,1,4999,2026-09-21T00:00:00
E02951,2026-09-12,S04,P012,5,999,2026-09-21T00:00:00
E02952,2026-09-13,S04,P013,5,549,2026-09-21T00:00:00
E02953,2026-09-14,S04,P014,3,549,2026-09-21T00:00:00
E02954,2026-09-15,S04,P015,3,4999,2026-09-21T00:00:00
E02955,2026-09-16,S04,P001,1,999,2026-09-21T00:00:00
E02956,2026-09-17,S04,P002,5,549,2026-09-21T00:00:00
E02957,2026-09-18,S04,P003,3,1999,2026-09-21T00:00:00
E02958,2026-09-19,S04,P004,2,1999,2026-09-21T00:00:00
E02959,2026-09-20,S04,P005,3,1999,2026-09-21T00:00:00
E02960,2026-09-01,S01,P006,1,549,2026-09-21T00:00:00
E02961,2026-09-02,S01,P007,5,999,2026-09-21T00:00:00
E02962,2026-09-03,S01,P008,5,999,2026-09-21T00:00:00
E02963,2026-09-04,S01,P009,4,1999,2026-09-21T00:00:00
E02964,2026-09-05,S01,P010,2,1999,2026-09-21T00:00:00
E02965,2026-09-06,S01,P011,2,4999,2026-09-21T00:00:00
E02966,2026-09-07,S01,P012,2,549,2026-09-21T00:00:00
E02967,2026-09-08,S01,P013,3,549,2026-09-21T00:00:00
E02968,2026-09-09,S01,P014,2,999,2026-09-21T00:00:00
E02969,2026-09-10,S01,P015,4,4999,2026-09-21T00:00:00
E02970,2026-09-11,S01,P001,4,999,2026-09-21T00:00:00
E02971,2026-09-12,S01,P002,4,999,2026-09-21T00:00:00
E02972,2026-09-13,S01,P003,2,1999,2026-09-21T00:00:00
E02973,2026-09-14,S01,P004,1,1999,2026-09-21T00:00:00
E02974,2026-09-15,S01,P005,1,549,2026-09-21T00:00:00
E02975,2026-09-16,S01,P006,2,4999,2026-09-21T00:00:00
E02976,2026-09-17,S01,P007,4,4999,2026-09-21T00:00:00
E02977,2026-09-18,S01,P008,3,4999,2026-09-21T00:00:00
E02978,2026-09-19,S01,P009,5,999,2026-09-21T00:00:00
E02979,2026-09-20,S01,P010,4,4999,2026-09-21T00:00:00
E02980,2026-09-01,S02,P011,4,1999,2026-09-21T00:00:00
E02981,2026-09-02,S02,P012,2,4999,2026-09-21T00:00:00
E02982,2026-09-03,S02,P013,1,1999,2026-09-21T00:00:00
E02983,2026-09-04,S02,P014,4,4999,2026-09-21T00:00:00
E02984,2026-09-05,S02,P015,3,549,2026-09-21T00:00:00
E02985,2026-09-06,S02,P001,1,1999,2026-09-21T00:00:00
E02986,2026-09-07,S02,P002,4,1999,2026-09-21T00:00:00
E02987,2026-09-08,S02,P003,3,1999,2026-09-21T00:00:00
E02988,2026-09-09,S02,P004,3,549,2026-09-21T00:00:00
E02989,2026-09-10,S02,P005,3,4999,2026-09-21T00:00:00
E02990,2026-09-11,S02,P006,4,999,2026-09-21T00:00:00
E02991,2026-09-12,S02,P007,5,999,2026-09-21T00:00:00
E02992,2026-09-13,S02,P008,5,1999,2026-09-21T00:00:00
E02993,2026-09-14,S02,P009,2,1999,2026-09-21T00:00:00
E02994,2026-09-15,S02,P010,5,549,2026-09-21T00:00:00
E02995,2026-09-16,S02,P011,1,549,2026-09-21T00:00:00
E02996,2026-09-17,S02,P012,1,4999,2026-09-21T00:00:00
E02997,2026-09-18,S02,P013,1,549,2026-09-21T00:00:00
E02998,2026-09-19,S02,P014,4,1999,2026-09-21T00:00:00
E02999,2026-09-20,S02,P015,2,1999,2026-09-21T00:00:00
E03000,2026-09-01,S03,P001,3,999,2026-09-21T00:00:00
E03001,2026-09-02,S03,P002,1,549,2026-09-21T00:00:00
E03002,2026-09-03,S03,P003,5,549,2026-09-21T00:00:00
E03003,2026-09-04,S03,P004,1,999,2026-09-21T00:00:00
E03004,2026-09-05,S03,P005,5,549,2026-09-21T00:00:00
E03005,2026-09-06,S03,P006,1,549,2026-09-21T00:00:00
E03006,2026-09-07,S03,P007,5,999,2026-09-21T00:00:00
E03007,2026-09-08,S03,P008,4,999,2026-09-21T00:00:00
E03008,2026-09-09,S03,P009,1,999,2026-09-21T00:00:00
E03009,2026-09-10,S03,P010,3,1999,2026-09-21T00:00:00
E03010,2026-09-11,S03,P011,4,549,2026-09-21T00:00:00
E03011,2026-09-12,S03,P012,4,1999,2026-09-21T00:00:00
E03012,2026-09-13,S03,P013,4,1999,2026-09-21T00:00:00
E03013,2026-09-14,S03,P014,3,999,2026-09-21T00:00:00
E03014,2026-09-15,S03,P015,1,1999,2026-09-21T00:00:00
E03015,2026-09-16,S03,P001,1,4999,2026-09-21T00:00:00
E03016,2026-09-17,S03,P002,4,1999,2026-09-21T00:00:00
E03017,2026-09-18,S03,P003,1,1999,2026-09-21T00:00:00
E03018,2026-09-19,S03,P004,3,999,2026-09-21T00:00:00
E03019,2026-09-20,S03,P005,4,549,2026-09-21T00:00:00
E03020,2026-09-01,S04,P006,4,999,2026-09-21T00:00:00
E03021,2026-09-02,S04,P007,5,4999,2026-09-21T00:00:00
E03022,2026-09-03,S04,P008,2,4999,2026-09-21T00:00:00
E03023,2026-09-04,S04,P009,1,999,2026-09-21T00:00:00
E03024,2026-09-05,S04,P010,5,4999,2026-09-21T00:00:00
E03025,2026-09-06,S04,P011,2,549,2026-09-21T00:00:00
E03026,2026-09-07,S04,P012,4,1999,2026-09-21T00:00:00
E03027,2026-09-08,S04,P013,1,549,2026-09-21T00:00:00
E03028,2026-09-09,S04,P014,1,549,2026-09-21T00:00:00
E03029,2026-09-10,S04,P015,5,1999,2026-09-21T00:00:00
E03030,2026-09-11,S04,P001,4,549,2026-09-21T00:00:00
E03031,2026-09-12,S04,P002,4,999,2026-09-21T00:00:00
E03032,2026-09-13,S04,P003,1,549,2026-09-21T00:00:00
E03033,2026-09-14,S04,P004,4,1999,2026-09-21T00:00:00
E03034,2026-09-15,S04,P005,2,1999,2026-09-21T00:00:00
E03035,2026-09-16,S04,P006,4,549,2026-09-21T00:00:00
E03036,2026-09-17,S04,P007,5,4999,2026-09-21T00:00:00
E03037,2026-09-18,S04,P008,4,4999,2026-09-21T00:00:00
E03038,2026-09-19,S04,P009,4,549,2026-09-21T00:00:00
E03039,2026-09-20,S04,P010,5,999,2026-09-21T00:00:00
E03040,2026-09-01,S01,P011,1,4999,2026-09-21T00:00:00
E03041,2026-09-02,S01,P012,4,549,2026-09-21T00:00:00
E03042,2026-09-03,S01,P013,5,1999,2026-09-21T00:00:00
E03043,2026-09-04,S01,P014,3,1999,2026-09-21T00:00:00
E03044,2026-09-05,S01,P015,4,549,2026-09-21T00:00:00
E03045,2026-09-06,S01,P001,1,1999,2026-09-21T00:00:00
E03046,2026-09-07,S01,P002,5,1999,2026-09-21T00:00:00
E03047,2026-09-08,S01,P003,1,4999,2026-09-21T00:00:00
E03048,2026-09-09,S01,P004,3,999,2026-09-21T00:00:00
E03049,2026-09-10,S01,P005,2,549,2026-09-21T00:00:00
E03050,2026-09-11,S01,P006,4,999,2026-09-21T00:00:00
E03051,2026-09-12,S01,P007,3,4999,2026-09-21T00:00:00
E03052,2026-09-13,S01,P008,1,1999,2026-09-21T00:00:00
E03053,2026-09-14,S01,P009,4,549,2026-09-21T00:00:00
E03054,2026-09-15,S01,P010,4,999,2026-09-21T00:00:00
E03055,2026-09-16,S01,P011,2,549,2026-09-21T00:00:00
E03056,2026-09-17,S01,P012,2,549,2026-09-21T00:00:00
E03057,2026-09-18,S01,P013,5,999,2026-09-21T00:00:00
E03058,2026-09-19,S01,P014,4,4999,2026-09-21T00:00:00
E03059,2026-09-20,S01,P015,1,1999,2026-09-21T00:00:00
E03060,2026-09-01,S02,P001,4,4999,2026-09-21T00:00:00
E03061,2026-09-02,S02,P002,1,549,2026-09-21T00:00:00
E03062,2026-09-03,S02,P003,3,549,2026-09-21T00:00:00
E03063,2026-09-04,S02,P004,3,549,2026-09-21T00:00:00
E03064,2026-09-05,S02,P005,4,549,2026-09-21T00:00:00
E03065,2026-09-06,S02,P006,2,4999,2026-09-21T00:00:00
E03066,2026-09-07,S02,P007,5,999,2026-09-21T00:00:00
E03067,2026-09-08,S02,P008,5,999,2026-09-21T00:00:00
E03068,2026-09-09,S02,P009,1,549,2026-09-21T00:00:00
E03069,2026-09-10,S02,P010,2,4999,2026-09-21T00:00:00
E03070,2026-09-11,S02,P011,1,4999,2026-09-21T00:00:00
E03071,2026-09-12,S02,P012,5,549,2026-09-21T00:00:00
E03072,2026-09-13,S02,P013,2,999,2026-09-21T00:00:00
E03073,2026-09-14,S02,P014,1,999,2026-09-21T00:00:00
E03074,2026-09-15,S02,P015,1,1999,2026-09-21T00:00:00
E03075,2026-09-16,S02,P001,1,4999,2026-09-21T00:00:00
E03076,2026-09-17,S02,P002,5,999,2026-09-21T00:00:00
E03077,2026-09-18,S02,P003,5,549,2026-09-21T00:00:00
E03078,2026-09-19,S02,P004,1,549,2026-09-21T00:00:00
E03079,2026-09-20,S02,P005,4,999,2026-09-21T00:00:00
E03080,2026-09-01,S03,P006,1,999,2026-09-21T00:00:00
E03081,2026-09-02,S03,P007,4,1999,2026-09-21T00:00:00
E03082,2026-09-03,S03,P008,4,1999,2026-09-21T00:00:00
E03083,2026-09-04,S03,P009,1,999,2026-09-21T00:00:00
E03084,2026-09-05,S03,P010,3,999,2026-09-21T00:00:00
E03085,2026-09-06,S03,P011,1,999,2026-09-21T00:00:00
E03086,2026-09-07,S03,P012,3,549,2026-09-21T00:00:00
E03087,2026-09-08,S03,P013,1,1999,2026-09-21T00:00:00
E03088,2026-09-09,S03,P014,2,4999,2026-09-21T00:00:00
E03089,2026-09-10,S03,P015,2,1999,2026-09-21T00:00:00
E03090,2026-09-11,S03,P001,5,999,2026-09-21T00:00:00
E03091,2026-09-12,S03,P002,4,999,2026-09-21T00:00:00
E03092,2026-09-13,S03,P003,5,549,2026-09-21T00:00:00
E03093,2026-09-14,S03,P004,2,549,2026-09-21T00:00:00
E03094,2026-09-15,S03,P005,5,4999,2026-09-21T00:00:00
E03095,2026-09-16,S03,P006,2,549,2026-09-21T00:00:00
E03096,2026-09-17,S03,P007,4,549,2026-09-21T00:00:00
E03097,2026-09-18,S03,P008,1,549,2026-09-21T00:00:00
E03098,2026-09-19,S03,P009,2,549,2026-09-21T00:00:00
E03099,2026-09-20,S03,P010,5,1999,2026-09-21T00:00:00
E03100,2026-09-01,S04,P011,4,4999,2026-09-21T00:00:00
E03101,2026-09-02,S04,P012,2,999,2026-09-21T00:00:00
E03102,2026-09-03,S04,P013,2,1999,2026-09-21T00:00:00
E03103,2026-09-04,S04,P014,5,4999,2026-09-21T00:00:00
E03104,2026-09-05,S04,P015,4,999,2026-09-21T00:00:00
E03105,2026-09-06,S04,P001,2,549,2026-09-21T00:00:00
E03106,2026-09-07,S04,P002,5,999,2026-09-21T00:00:00
E03107,2026-09-08,S04,P003,4,549,2026-09-21T00:00:00
E03108,2026-09-09,S04,P004,3,1999,2026-09-21T00:00:00
E03109,2026-09-10,S04,P005,4,549,2026-09-21T00:00:00
E03110,2026-09-11,S04,P006,5,999,2026-09-21T00:00:00
E03111,2026-09-12,S04,P007,2,549,2026-09-21T00:00:00
E03112,2026-09-13,S04,P008,5,549,2026-09-21T00:00:00
E03113,2026-09-14,S04,P009,5,1999,2026-09-21T00:00:00
E03114,2026-09-15,S04,P010,5,999,2026-09-21T00:00:00
E03115,2026-09-16,S04,P011,4,999,2026-09-21T00:00:00
E03116,2026-09-17,S04,P012,3,549,2026-09-21T00:00:00
E03117,2026-09-18,S04,P013,2,549,2026-09-21T00:00:00
E03118,2026-09-19,S04,P014,2,4999,2026-09-21T00:00:00
E03119,2026-09-20,S04,P015,4,999,2026-09-21T00:00:00
E03120,2026-09-01,S01,P001,2,549,2026-09-21T00:00:00
E03121,2026-09-02,S01,P002,1,1999,2026-09-21T00:00:00
E03122,2026-09-03,S01,P003,3,999,2026-09-21T00:00:00
E03123,2026-09-04,S01,P004,4,1999,2026-09-21T00:00:00
E03124,2026-09-05,S01,P005,3,4999,2026-09-21T00:00:00
E03125,2026-09-06,S01,P006,1,549,2026-09-21T00:00:00
E03126,2026-09-07,S01,P007,1,999,2026-09-21T00:00:00
E03127,2026-09-08,S01,P008,2,549,2026-09-21T00:00:00
E03128,2026-09-09,S01,P009,4,549,2026-09-21T00:00:00
E03129,2026-09-10,S01,P010,1,999,2026-09-21T00:00:00
E03130,2026-09-11,S01,P011,4,1999,2026-09-21T00:00:00
E03131,2026-09-12,S01,P012,4,999,2026-09-21T00:00:00
E03132,2026-09-13,S01,P013,3,999,2026-09-21T00:00:00
E03133,2026-09-14,S01,P014,1,1999,2026-09-21T00:00:00
E03134,2026-09-15,S01,P015,2,549,2026-09-21T00:00:00
E03135,2026-09-16,S01,P001,2,4999,2026-09-21T00:00:00
E03136,2026-09-17,S01,P002,2,4999,2026-09-21T00:00:00
E03137,2026-09-18,S01,P003,2,549,2026-09-21T00:00:00
E03138,2026-09-19,S01,P004,4,4999,2026-09-21T00:00:00
E03139,2026-09-20,S01,P005,1,4999,2026-09-21T00:00:00
E03140,2026-09-01,S02,P006,2,999,2026-09-21T00:00:00
E03141,2026-09-02,S02,P007,5,4999,2026-09-21T00:00:00
E03142,2026-09-03,S02,P008,2,4999,2026-09-21T00:00:00
E03143,2026-09-04,S02,P009,3,999,2026-09-21T00:00:00
E03144,2026-09-05,S02,P010,4,999,2026-09-21T00:00:00
E03145,2026-09-06,S02,P011,3,1999,2026-09-21T00:00:00
E03146,2026-09-07,S02,P012,2,1999,2026-09-21T00:00:00
E03147,2026-09-08,S02,P013,2,549,2026-09-21T00:00:00
E03148,2026-09-09,S02,P014,5,549,2026-09-21T00:00:00
E03149,2026-09-10,S02,P015,3,999,2026-09-21T00:00:00
E03150,2026-09-11,S02,P001,1,4999,2026-09-21T00:00:00
E03151,2026-09-12,S02,P002,4,4999,2026-09-21T00:00:00
E03152,2026-09-13,S02,P003,2,1999,2026-09-21T00:00:00
E03153,2026-09-14,S02,P004,2,1999,2026-09-21T00:00:00
E03154,2026-09-15,S02,P005,5,999,2026-09-21T00:00:00
E03155,2026-09-16,S02,P006,5,999,2026-09-21T00:00:00
E03156,2026-09-17,S02,P007,5,999,2026-09-21T00:00:00
E03157,2026-09-18,S02,P008,1,4999,2026-09-21T00:00:00
E03158,2026-09-19,S02,P009,5,4999,2026-09-21T00:00:00
E03159,2026-09-20,S02,P010,2,4999,2026-09-21T00:00:00
E03160,2026-09-01,S03,P011,4,1999,2026-09-21T00:00:00
E03161,2026-09-02,S03,P012,1,4999,2026-09-21T00:00:00
E03162,2026-09-03,S03,P013,2,999,2026-09-21T00:00:00
E03163,2026-09-04,S03,P014,3,4999,2026-09-21T00:00:00
E03164,2026-09-05,S03,P015,5,999,2026-09-21T00:00:00
E03165,2026-09-06,S03,P001,5,999,2026-09-21T00:00:00
E03166,2026-09-07,S03,P002,5,549,2026-09-21T00:00:00
E03167,2026-09-08,S03,P003,4,549,2026-09-21T00:00:00
E03168,2026-09-09,S03,P004,1,4999,2026-09-21T00:00:00
E03169,2026-09-10,S03,P005,5,549,2026-09-21T00:00:00
E03170,2026-09-11,S03,P006,4,4999,2026-09-21T00:00:00
E03171,2026-09-12,S03,P007,4,549,2026-09-21T00:00:00
E03172,2026-09-13,S03,P008,4,4999,2026-09-21T00:00:00
E03173,2026-09-14,S03,P009,2,549,2026-09-21T00:00:00
E03174,2026-09-15,S03,P010,5,549,2026-09-21T00:00:00
E03175,2026-09-16,S03,P011,4,999,2026-09-21T00:00:00
E03176,2026-09-17,S03,P012,2,1999,2026-09-21T00:00:00
E03177,2026-09-18,S03,P013,3,999,2026-09-21T00:00:00
E03178,2026-09-19,S03,P014,1,549,2026-09-21T00:00:00
E03179,2026-09-20,S03,P015,4,1999,2026-09-21T00:00:00
E03180,2026-09-01,S04,P001,2,4999,2026-09-21T00:00:00
E03181,2026-09-02,S04,P002,5,549,2026-09-21T00:00:00
E03182,2026-09-03,S04,P003,4,4999,2026-09-21T00:00:00
E03183,2026-09-04,S04,P004,2,4999,2026-09-21T00:00:00
E03184,2026-09-05,S04,P005,2,1999,2026-09-21T00:00:00
E03185,2026-09-06,S04,P006,4,549,2026-09-21T00:00:00
E03186,2026-09-07,S04,P007,1,4999,2026-09-21T00:00:00
E03187,2026-09-08,S04,P008,3,549,2026-09-21T00:00:00
E03188,2026-09-09,S04,P009,3,4999,2026-09-21T00:00:00
E03189,2026-09-10,S04,P010,3,999,2026-09-21T00:00:00
E03190,2026-09-11,S04,P011,1,1999,2026-09-21T00:00:00
E03191,2026-09-12,S04,P012,1,1999,2026-09-21T00:00:00
E03192,2026-09-13,S04,P013,1,549,2026-09-21T00:00:00
E03193,2026-09-14,S04,P014,4,1999,2026-09-21T00:00:00
E03194,2026-09-15,S04,P015,4,549,2026-09-21T00:00:00
E03195,2026-09-16,S04,P001,3,1999,2026-09-21T00:00:00
E03196,2026-09-17,S04,P002,2,549,2026-09-21T00:00:00
E03197,2026-09-18,S04,P003,5,999,2026-09-21T00:00:00
E03198,2026-09-19,S04,P004,2,1999,2026-09-21T00:00:00
E03199,2026-09-20,S04,P005,2,549,2026-09-21T00:00:00
E03200,2026-09-01,S01,P006,4,999,2026-09-21T00:00:00
E03201,2026-09-02,S01,P007,2,1999,2026-09-21T00:00:00
E03202,2026-09-03,S01,P008,3,1999,2026-09-21T00:00:00
E03203,2026-09-04,S01,P009,5,4999,2026-09-21T00:00:00
E03204,2026-09-05,S01,P010,3,549,2026-09-21T00:00:00
E03205,2026-09-06,S01,P011,1,1999,2026-09-21T00:00:00
E03206,2026-09-07,S01,P012,3,4999,2026-09-21T00:00:00
E03207,2026-09-08,S01,P013,4,549,2026-09-21T00:00:00
E03208,2026-09-09,S01,P014,4,1999,2026-09-21T00:00:00
E03209,2026-09-10,S01,P015,4,1999,2026-09-21T00:00:00
E03210,2026-09-11,S01,P001,1,999,2026-09-21T00:00:00
E03211,2026-09-12,S01,P002,4,549,2026-09-21T00:00:00
E03212,2026-09-13,S01,P003,1,4999,2026-09-21T00:00:00
E03213,2026-09-14,S01,P004,2,1999,2026-09-21T00:00:00
E03214,2026-09-15,S01,P005,1,549,2026-09-21T00:00:00
E03215,2026-09-16,S01,P006,2,1999,2026-09-21T00:00:00
E03216,2026-09-17,S01,P007,1,999,2026-09-21T00:00:00
E03217,2026-09-18,S01,P008,4,999,2026-09-21T00:00:00
E03218,2026-09-19,S01,P009,2,549,2026-09-21T00:00:00
E03219,2026-09-20,S01,P010,3,4999,2026-09-21T00:00:00
E03220,2026-09-01,S02,P011,5,999,2026-09-21T00:00:00
E03221,2026-09-02,S02,P012,4,1999,2026-09-21T00:00:00
E03222,2026-09-03,S02,P013,4,4999,2026-09-21T00:00:00
E03223,2026-09-04,S02,P014,1,1999,2026-09-21T00:00:00
E03224,2026-09-05,S02,P015,2,549,2026-09-21T00:00:00
E03225,2026-09-06,S02,P001,1,999,2026-09-21T00:00:00
E03226,2026-09-07,S02,P002,5,1999,2026-09-21T00:00:00
E03227,2026-09-08,S02,P003,4,1999,2026-09-21T00:00:00
E03228,2026-09-09,S02,P004,3,4999,2026-09-21T00:00:00
E03229,2026-09-10,S02,P005,5,4999,2026-09-21T00:00:00
E03230,2026-09-11,S02,P006,4,1999,2026-09-21T00:00:00
E03231,2026-09-12,S02,P007,5,999,2026-09-21T00:00:00
E03232,2026-09-13,S02,P008,3,999,2026-09-21T00:00:00
E03233,2026-09-14,S02,P009,3,999,2026-09-21T00:00:00
E03234,2026-09-15,S02,P010,4,1999,2026-09-21T00:00:00
E03235,2026-09-16,S02,P011,3,549,2026-09-21T00:00:00
E03236,2026-09-17,S02,P012,2,1999,2026-09-21T00:00:00
E03237,2026-09-18,S02,P013,3,4999,2026-09-21T00:00:00
E03238,2026-09-19,S02,P014,2,999,2026-09-21T00:00:00
E03239,2026-09-20,S02,P015,5,1999,2026-09-21T00:00:00
E03240,2026-09-01,S03,P001,2,999,2026-09-21T00:00:00
E03241,2026-09-02,S03,P002,2,999,2026-09-21T00:00:00
E03242,2026-09-03,S03,P003,2,549,2026-09-21T00:00:00
E03243,2026-09-04,S03,P004,1,1999,2026-09-21T00:00:00
E03244,2026-09-05,S03,P005,5,999,2026-09-21T00:00:00
E03245,2026-09-06,S03,P006,4,1999,2026-09-21T00:00:00
E03246,2026-09-07,S03,P007,3,999,2026-09-21T00:00:00
E03247,2026-09-08,S03,P008,2,549,2026-09-21T00:00:00
E03248,2026-09-09,S03,P009,3,1999,2026-09-21T00:00:00
E03249,2026-09-10,S03,P010,2,1999,2026-09-21T00:00:00
E03250,2026-09-11,S03,P011,4,999,2026-09-21T00:00:00
E03251,2026-09-12,S03,P012,5,1999,2026-09-21T00:00:00
E03252,2026-09-13,S03,P013,1,549,2026-09-21T00:00:00
E03253,2026-09-14,S03,P014,4,4999,2026-09-21T00:00:00
E03254,2026-09-15,S03,P015,2,4999,2026-09-21T00:00:00
E03255,2026-09-16,S03,P001,3,999,2026-09-21T00:00:00
E03256,2026-09-17,S03,P002,1,1999,2026-09-21T00:00:00
E03257,2026-09-18,S03,P003,3,4999,2026-09-21T00:00:00
E03258,2026-09-19,S03,P004,3,999,2026-09-21T00:00:00
E03259,2026-09-20,S03,P005,5,4999,2026-09-21T00:00:00
E03260,2026-09-01,S04,P006,3,549,2026-09-21T00:00:00
E03261,2026-09-02,S04,P007,4,549,2026-09-21T00:00:00
E03262,2026-09-03,S04,P008,2,549,2026-09-21T00:00:00
E03263,2026-09-04,S04,P009,3,549,2026-09-21T00:00:00
E03264,2026-09-05,S04,P010,4,999,2026-09-21T00:00:00
E03265,2026-09-06,S04,P011,4,1999,2026-09-21T00:00:00
E03266,2026-09-07,S04,P012,1,1999,2026-09-21T00:00:00
E03267,2026-09-08,S04,P013,1,999,2026-09-21T00:00:00
E03268,2026-09-09,S04,P014,5,999,2026-09-21T00:00:00
E03269,2026-09-10,S04,P015,3,999,2026-09-21T00:00:00
E03270,2026-09-11,S04,P001,1,549,2026-09-21T00:00:00
E03271,2026-09-12,S04,P002,5,4999,2026-09-21T00:00:00
E03272,2026-09-13,S04,P003,1,4999,2026-09-21T00:00:00
E03273,2026-09-14,S04,P004,2,4999,2026-09-21T00:00:00
E03274,2026-09-15,S04,P005,3,549,2026-09-21T00:00:00
E03275,2026-09-16,S04,P006,3,4999,2026-09-21T00:00:00
E03276,2026-09-17,S04,P007,2,4999,2026-09-21T00:00:00
E03277,2026-09-18,S04,P008,3,4999,2026-09-21T00:00:00
E03278,2026-09-19,S04,P009,3,549,2026-09-21T00:00:00
E03279,2026-09-20,S04,P010,3,1999,2026-09-21T00:00:00
E03280,2026-09-01,S01,P011,3,1999,2026-09-21T00:00:00
E03281,2026-09-02,S01,P012,4,549,2026-09-21T00:00:00
E03282,2026-09-03,S01,P013,2,4999,2026-09-21T00:00:00
E03283,2026-09-04,S01,P014,4,4999,2026-09-21T00:00:00
E03284,2026-09-05,S01,P015,3,999,2026-09-21T00:00:00
E03285,2026-09-06,S01,P001,4,4999,2026-09-21T00:00:00
E03286,2026-09-07,S01,P002,2,549,2026-09-21T00:00:00
E03287,2026-09-08,S01,P003,2,999,2026-09-21T00:00:00
E03288,2026-09-09,S01,P004,3,4999,2026-09-21T00:00:00
E03289,2026-09-10,S01,P005,5,1999,2026-09-21T00:00:00
E03290,2026-09-11,S01,P006,1,4999,2026-09-21T00:00:00
E03291,2026-09-12,S01,P007,1,549,2026-09-21T00:00:00
E03292,2026-09-13,S01,P008,4,1999,2026-09-21T00:00:00
E03293,2026-09-14,S01,P009,4,999,2026-09-21T00:00:00
E03294,2026-09-15,S01,P010,5,4999,2026-09-21T00:00:00
E03295,2026-09-16,S01,P011,5,999,2026-09-21T00:00:00
E03296,2026-09-17,S01,P012,2,999,2026-09-21T00:00:00
E03297,2026-09-18,S01,P013,4,1999,2026-09-21T00:00:00
E03298,2026-09-19,S01,P014,5,4999,2026-09-21T00:00:00
E03299,2026-09-20,S01,P015,1,1999,2026-09-21T00:00:00
E03300,2026-09-01,S02,P001,5,1999,2026-09-21T00:00:00
E03301,2026-09-02,S02,P002,4,4999,2026-09-21T00:00:00
E03302,2026-09-03,S02,P003,2,549,2026-09-21T00:00:00
E03303,2026-09-04,S02,P004,1,999,2026-09-21T00:00:00
E03304,2026-09-05,S02,P005,3,1999,2026-09-21T00:00:00
E03305,2026-09-06,S02,P006,4,549,2026-09-21T00:00:00
E03306,2026-09-07,S02,P007,3,4999,2026-09-21T00:00:00
E03307,2026-09-08,S02,P008,2,4999,2026-09-21T00:00:00
E03308,2026-09-09,S02,P009,2,549,2026-09-21T00:00:00
E03309,2026-09-10,S02,P010,1,1999,2026-09-21T00:00:00
E03310,2026-09-11,S02,P011,4,549,2026-09-21T00:00:00
E03311,2026-09-12,S02,P012,5,1999,2026-09-21T00:00:00
E03312,2026-09-13,S02,P013,5,4999,2026-09-21T00:00:00
E03313,2026-09-14,S02,P014,5,4999,2026-09-21T00:00:00
E03314,2026-09-15,S02,P015,3,4999,2026-09-21T00:00:00
E03315,2026-09-16,S02,P001,1,1999,2026-09-21T00:00:00
E03316,2026-09-17,S02,P002,5,549,2026-09-21T00:00:00
E03317,2026-09-18,S02,P003,3,999,2026-09-21T00:00:00
E03318,2026-09-19,S02,P004,5,549,2026-09-21T00:00:00
E03319,2026-09-20,S02,P005,2,1999,2026-09-21T00:00:00
E03320,2026-09-01,S03,P006,4,999,2026-09-21T00:00:00
E03321,2026-09-02,S03,P007,3,999,2026-09-21T00:00:00
E03322,2026-09-03,S03,P008,1,1999,2026-09-21T00:00:00
E03323,2026-09-04,S03,P009,3,4999,2026-09-21T00:00:00
E03324,2026-09-05,S03,P010,3,549,2026-09-21T00:00:00
E03325,2026-09-06,S03,P011,3,1999,2026-09-21T00:00:00
E03326,2026-09-07,S03,P012,5,549,2026-09-21T00:00:00
E03327,2026-09-08,S03,P013,5,999,2026-09-21T00:00:00
E03328,2026-09-09,S03,P014,2,549,2026-09-21T00:00:00
E03329,2026-09-10,S03,P015,5,999,2026-09-21T00:00:00
E03330,2026-09-11,S03,P001,5,1999,2026-09-21T00:00:00
E03331,2026-09-12,S03,P002,3,1999,2026-09-21T00:00:00
E03332,2026-09-13,S03,P003,3,1999,2026-09-21T00:00:00
E03333,2026-09-14,S03,P004,1,1999,2026-09-21T00:00:00
E03334,2026-09-15,S03,P005,2,549,2026-09-21T00:00:00
E03335,2026-09-16,S03,P006,2,1999,2026-09-21T00:00:00
E03336,2026-09-17,S03,P007,3,4999,2026-09-21T00:00:00
E03337,2026-09-18,S03,P008,4,1999,2026-09-21T00:00:00
E03338,2026-09-19,S03,P009,2,549,2026-09-21T00:00:00
E03339,2026-09-20,S03,P010,2,999,2026-09-21T00:00:00
E03340,2026-09-01,S04,P011,5,999,2026-09-21T00:00:00
E03341,2026-09-02,S04,P012,2,549,2026-09-21T00:00:00
E03342,2026-09-03,S04,P013,4,4999,2026-09-21T00:00:00
E03343,2026-09-04,S04,P014,1,549,2026-09-21T00:00:00
E03344,2026-09-05,S04,P015,2,549,2026-09-21T00:00:00
E03345,2026-09-06,S04,P001,4,1999,2026-09-21T00:00:00
E03346,2026-09-07,S04,P002,3,1999,2026-09-21T00:00:00
E03347,2026-09-08,S04,P003,2,4999,2026-09-21T00:00:00
E03348,2026-09-09,S04,P004,5,1999,2026-09-21T00:00:00
E03349,2026-09-10,S04,P005,2,1999,2026-09-21T00:00:00
E03350,2026-09-11,S04,P006,1,549,2026-09-21T00:00:00
E03351,2026-09-12,S04,P007,2,999,2026-09-21T00:00:00
E03352,2026-09-13,S04,P008,2,999,2026-09-21T00:00:00
E03353,2026-09-14,S04,P009,3,999,2026-09-21T00:00:00
E03354,2026-09-15,S04,P010,2,999,2026-09-21T00:00:00
E03355,2026-09-16,S04,P011,1,4999,2026-09-21T00:00:00
E03356,2026-09-17,S04,P012,1,549,2026-09-21T00:00:00
E03357,2026-09-18,S04,P013,1,4999,2026-09-21T00:00:00
E03358,2026-09-19,S04,P014,4,549,2026-09-21T00:00:00
E03359,2026-09-20,S04,P015,2,549,2026-09-21T00:00:00
E03360,2026-09-01,S01,P001,1,549,2026-09-21T00:00:00
E03361,2026-09-02,S01,P002,4,549,2026-09-21T00:00:00
E03362,2026-09-03,S01,P003,3,549,2026-09-21T00:00:00
E03363,2026-09-04,S01,P004,1,1999,2026-09-21T00:00:00
E03364,2026-09-05,S01,P005,1,549,2026-09-21T00:00:00
E03365,2026-09-06,S01,P006,1,999,2026-09-21T00:00:00
E03366,2026-09-07,S01,P007,5,999,2026-09-21T00:00:00
E03367,2026-09-08,S01,P008,2,1999,2026-09-21T00:00:00
E03368,2026-09-09,S01,P009,1,549,2026-09-21T00:00:00
E03369,2026-09-10,S01,P010,2,1999,2026-09-21T00:00:00
E03370,2026-09-11,S01,P011,5,1999,2026-09-21T00:00:00
E03371,2026-09-12,S01,P012,3,999,2026-09-21T00:00:00
E03372,2026-09-13,S01,P013,5,999,2026-09-21T00:00:00
E03373,2026-09-14,S01,P014,5,549,2026-09-21T00:00:00
E03374,2026-09-15,S01,P015,1,549,2026-09-21T00:00:00
E03375,2026-09-16,S01,P001,5,999,2026-09-21T00:00:00
E03376,2026-09-17,S01,P002,2,1999,2026-09-21T00:00:00
E03377,2026-09-18,S01,P003,2,549,2026-09-21T00:00:00
E03378,2026-09-19,S01,P004,1,999,2026-09-21T00:00:00
E03379,2026-09-20,S01,P005,5,4999,2026-09-21T00:00:00
E03380,2026-09-01,S02,P006,3,999,2026-09-21T00:00:00
E03381,2026-09-02,S02,P007,4,549,2026-09-21T00:00:00
E03382,2026-09-03,S02,P008,2,1999,2026-09-21T00:00:00
E03383,2026-09-04,S02,P009,4,4999,2026-09-21T00:00:00
E03384,2026-09-05,S02,P010,2,999,2026-09-21T00:00:00
E03385,2026-09-06,S02,P011,4,549,2026-09-21T00:00:00
E03386,2026-09-07,S02,P012,3,549,2026-09-21T00:00:00
E03387,2026-09-08,S02,P013,4,549,2026-09-21T00:00:00
E03388,2026-09-09,S02,P014,5,999,2026-09-21T00:00:00
E03389,2026-09-10,S02,P015,4,1999,2026-09-21T00:00:00
E03390,2026-09-11,S02,P001,3,549,2026-09-21T00:00:00
E03391,2026-09-12,S02,P002,1,1999,2026-09-21T00:00:00
E03392,2026-09-13,S02,P003,4,549,2026-09-21T00:00:00
E03393,2026-09-14,S02,P004,4,1999,2026-09-21T00:00:00
E03394,2026-09-15,S02,P005,4,1999,2026-09-21T00:00:00
E03395,2026-09-16,S02,P006,4,999,2026-09-21T00:00:00
E03396,2026-09-17,S02,P007,5,4999,2026-09-21T00:00:00
E03397,2026-09-18,S02,P008,3,4999,2026-09-21T00:00:00
E03398,2026-09-19,S02,P009,2,549,2026-09-21T00:00:00
E03399,2026-09-20,S02,P010,4,1999,2026-09-21T00:00:00
E03400,2026-09-01,S03,P011,2,549,2026-09-21T00:00:00
E03401,2026-09-02,S03,P012,4,549,2026-09-21T00:00:00
E03402,2026-09-03,S03,P013,4,4999,2026-09-21T00:00:00
E03403,2026-09-04,S03,P014,5,549,2026-09-21T00:00:00
E03404,2026-09-05,S03,P015,1,999,2026-09-21T00:00:00
E03405,2026-09-06,S03,P001,4,4999,2026-09-21T00:00:00
E03406,2026-09-07,S03,P002,5,549,2026-09-21T00:00:00
E03407,2026-09-08,S03,P003,2,549,2026-09-21T00:00:00
E03408,2026-09-09,S03,P004,3,999,2026-09-21T00:00:00
E03409,2026-09-10,S03,P005,3,999,2026-09-21T00:00:00
E03410,2026-09-11,S03,P006,5,4999,2026-09-21T00:00:00
E03411,2026-09-12,S03,P007,1,999,2026-09-21T00:00:00
E03412,2026-09-13,S03,P008,4,4999,2026-09-21T00:00:00
E03413,2026-09-14,S03,P009,3,1999,2026-09-21T00:00:00
E03414,2026-09-15,S03,P010,4,1999,2026-09-21T00:00:00
E03415,2026-09-16,S03,P011,4,4999,2026-09-21T00:00:00
E03416,2026-09-17,S03,P012,4,1999,2026-09-21T00:00:00
E03417,2026-09-18,S03,P013,2,4999,2026-09-21T00:00:00
E03418,2026-09-19,S03,P014,1,549,2026-09-21T00:00:00
E03419,2026-09-20,S03,P015,3,4999,2026-09-21T00:00:00
E03420,2026-09-01,S04,P001,4,999,2026-09-21T00:00:00
E03421,2026-09-02,S04,P002,2,549,2026-09-21T00:00:00
E03422,2026-09-03,S04,P003,1,549,2026-09-21T00:00:00
E03423,2026-09-04,S04,P004,1,4999,2026-09-21T00:00:00
E03424,2026-09-05,S04,P005,1,999,2026-09-21T00:00:00
E03425,2026-09-06,S04,P006,4,1999,2026-09-21T00:00:00
E03426,2026-09-07,S04,P007,2,1999,2026-09-21T00:00:00
E03427,2026-09-08,S04,P008,5,549,2026-09-21T00:00:00
E03428,2026-09-09,S04,P009,1,4999,2026-09-21T00:00:00
E03429,2026-09-10,S04,P010,4,999,2026-09-21T00:00:00
E03430,2026-09-11,S04,P011,3,4999,2026-09-21T00:00:00
E03431,2026-09-12,S04,P012,4,1999,2026-09-21T00:00:00
E03432,2026-09-13,S04,P013,5,1999,2026-09-21T00:00:00
E03433,2026-09-14,S04,P014,5,549,2026-09-21T00:00:00
E03434,2026-09-15,S04,P015,1,4999,2026-09-21T00:00:00
E03435,2026-09-16,S04,P001,1,4999,2026-09-21T00:00:00
E03436,2026-09-17,S04,P002,4,1999,2026-09-21T00:00:00
E03437,2026-09-18,S04,P003,4,4999,2026-09-21T00:00:00
E03438,2026-09-19,S04,P004,4,549,2026-09-21T00:00:00
E03439,2026-09-20,S04,P005,1,999,2026-09-21T00:00:00
E03440,2026-09-01,S01,P006,5,1999,2026-09-21T00:00:00
E03441,2026-09-02,S01,P007,2,4999,2026-09-21T00:00:00
E03442,2026-09-03,S01,P008,4,999,2026-09-21T00:00:00
E03443,2026-09-04,S01,P009,3,4999,2026-09-21T00:00:00
E03444,2026-09-05,S01,P010,4,549,2026-09-21T00:00:00
E03445,2026-09-06,S01,P011,5,4999,2026-09-21T00:00:00
E03446,2026-09-07,S01,P012,5,4999,2026-09-21T00:00:00
E03447,2026-09-08,S01,P013,4,999,2026-09-21T00:00:00
E03448,2026-09-09,S01,P014,5,549,2026-09-21T00:00:00
E03449,2026-09-10,S01,P015,4,1999,2026-09-21T00:00:00
E03450,2026-09-11,S01,P001,4,4999,2026-09-21T00:00:00
E03451,2026-09-12,S01,P002,5,1999,2026-09-21T00:00:00
E03452,2026-09-13,S01,P003,3,1999,2026-09-21T00:00:00
E03453,2026-09-14,S01,P004,1,549,2026-09-21T00:00:00
E03454,2026-09-15,S01,P005,5,549,2026-09-21T00:00:00
E03455,2026-09-16,S01,P006,2,1999,2026-09-21T00:00:00
E03456,2026-09-17,S01,P007,3,549,2026-09-21T00:00:00
E03457,2026-09-18,S01,P008,3,4999,2026-09-21T00:00:00
E03458,2026-09-19,S01,P009,1,4999,2026-09-21T00:00:00
E03459,2026-09-20,S01,P010,3,1999,2026-09-21T00:00:00
E03460,2026-09-01,S02,P011,4,1999,2026-09-21T00:00:00
E03461,2026-09-02,S02,P012,1,999,2026-09-21T00:00:00
E03462,2026-09-03,S02,P013,2,999,2026-09-21T00:00:00
E03463,2026-09-04,S02,P014,3,549,2026-09-21T00:00:00
E03464,2026-09-05,S02,P015,1,1999,2026-09-21T00:00:00
E03465,2026-09-06,S02,P001,1,1999,2026-09-21T00:00:00
E03466,2026-09-07,S02,P002,2,549,2026-09-21T00:00:00
E03467,2026-09-08,S02,P003,5,1999,2026-09-21T00:00:00
E03468,2026-09-09,S02,P004,1,4999,2026-09-21T00:00:00
E03469,2026-09-10,S02,P005,4,4999,2026-09-21T00:00:00
E03470,2026-09-11,S02,P006,3,549,2026-09-21T00:00:00
E03471,2026-09-12,S02,P007,4,549,2026-09-21T00:00:00
E03472,2026-09-13,S02,P008,3,4999,2026-09-21T00:00:00
E03473,2026-09-14,S02,P009,5,4999,2026-09-21T00:00:00
E03474,2026-09-15,S02,P010,3,549,2026-09-21T00:00:00
E03475,2026-09-16,S02,P011,4,549,2026-09-21T00:00:00
E03476,2026-09-17,S02,P012,2,1999,2026-09-21T00:00:00
E03477,2026-09-18,S02,P013,4,1999,2026-09-21T00:00:00
E03478,2026-09-19,S02,P014,2,1999,2026-09-21T00:00:00
E03479,2026-09-20,S02,P015,3,4999,2026-09-21T00:00:00
E03480,2026-09-01,S03,P001,2,4999,2026-09-21T00:00:00
E03481,2026-09-02,S03,P002,1,999,2026-09-21T00:00:00
E03482,2026-09-03,S03,P003,3,1999,2026-09-21T00:00:00
E03483,2026-09-04,S03,P004,1,1999,2026-09-21T00:00:00
E03484,2026-09-05,S03,P005,5,4999,2026-09-21T00:00:00
E03485,2026-09-06,S03,P006,2,549,2026-09-21T00:00:00
E03486,2026-09-07,S03,P007,5,549,2026-09-21T00:00:00
E03487,2026-09-08,S03,P008,5,1999,2026-09-21T00:00:00
E03488,2026-09-09,S03,P009,3,549,2026-09-21T00:00:00
E03489,2026-09-10,S03,P010,5,4999,2026-09-21T00:00:00
E03490,2026-09-11,S03,P011,4,999,2026-09-21T00:00:00
E03491,2026-09-12,S03,P012,3,549,2026-09-21T00:00:00
E03492,2026-09-13,S03,P013,3,1999,2026-09-21T00:00:00
E03493,2026-09-14,S03,P014,4,1999,2026-09-21T00:00:00
E03494,2026-09-15,S03,P015,2,4999,2026-09-21T00:00:00
E03495,2026-09-16,S03,P001,4,1999,2026-09-21T00:00:00
E03496,2026-09-17,S03,P002,5,4999,2026-09-21T00:00:00
E03497,2026-09-18,S03,P003,5,999,2026-09-21T00:00:00
E03498,2026-09-19,S03,P004,1,999,2026-09-21T00:00:00
E03499,2026-09-20,S03,P005,5,4999,2026-09-21T00:00:00
E03500,2026-09-01,S04,P006,2,4999,2026-09-21T00:00:00
E03501,2026-09-02,S04,P007,3,4999,2026-09-21T00:00:00
E03502,2026-09-03,S04,P008,5,549,2026-09-21T00:00:00
E03503,2026-09-04,S04,P009,5,999,2026-09-21T00:00:00
E03504,2026-09-05,S04,P010,3,4999,2026-09-21T00:00:00
E03505,2026-09-06,S04,P011,2,999,2026-09-21T00:00:00
E03506,2026-09-07,S04,P012,2,1999,2026-09-21T00:00:00
E03507,2026-09-08,S04,P013,4,4999,2026-09-21T00:00:00
E03508,2026-09-09,S04,P014,3,549,2026-09-21T00:00:00
E03509,2026-09-10,S04,P015,2,4999,2026-09-21T00:00:00
E03510,2026-09-11,S04,P001,3,1999,2026-09-21T00:00:00
E03511,2026-09-12,S04,P002,2,1999,2026-09-21T00:00:00
E03512,2026-09-13,S04,P003,5,999,2026-09-21T00:00:00
E03513,2026-09-14,S04,P004,4,999,2026-09-21T00:00:00
E03514,2026-09-15,S04,P005,1,999,2026-09-21T00:00:00
E03515,2026-09-16,S04,P006,2,549,2026-09-21T00:00:00
E03516,2026-09-17,S04,P007,2,1999,2026-09-21T00:00:00
E03517,2026-09-18,S04,P008,4,4999,2026-09-21T00:00:00
E03518,2026-09-19,S04,P009,5,4999,2026-09-21T00:00:00
E03519,2026-09-20,S04,P010,4,549,2026-09-21T00:00:00
E03520,2026-09-01,S01,P011,2,999,2026-09-21T00:00:00
E03521,2026-09-02,S01,P012,3,999,2026-09-21T00:00:00
E03522,2026-09-03,S01,P013,1,1999,2026-09-21T00:00:00
E03523,2026-09-04,S01,P014,3,999,2026-09-21T00:00:00
E03524,2026-09-05,S01,P015,1,4999,2026-09-21T00:00:00
E03525,2026-09-06,S01,P001,1,549,2026-09-21T00:00:00
E03526,2026-09-07,S01,P002,1,1999,2026-09-21T00:00:00
E03527,2026-09-08,S01,P003,5,1999,2026-09-21T00:00:00
E03528,2026-09-09,S01,P004,1,4999,2026-09-21T00:00:00
E03529,2026-09-10,S01,P005,3,549,2026-09-21T00:00:00
E03530,2026-09-11,S01,P006,4,999,2026-09-21T00:00:00
E03531,2026-09-12,S01,P007,2,549,2026-09-21T00:00:00
E03532,2026-09-13,S01,P008,5,549,2026-09-21T00:00:00
E03533,2026-09-14,S01,P009,5,1999,2026-09-21T00:00:00
E03534,2026-09-15,S01,P010,4,549,2026-09-21T00:00:00
E03535,2026-09-16,S01,P011,2,549,2026-09-21T00:00:00
E03536,2026-09-17,S01,P012,3,1999,2026-09-21T00:00:00
E03537,2026-09-18,S01,P013,5,4999,2026-09-21T00:00:00
E03538,2026-09-19,S01,P014,2,4999,2026-09-21T00:00:00
E03539,2026-09-20,S01,P015,2,999,2026-09-21T00:00:00
E03540,2026-09-01,S02,P001,1,999,2026-09-21T00:00:00
E03541,2026-09-02,S02,P002,2,1999,2026-09-21T00:00:00
E03542,2026-09-03,S02,P003,4,4999,2026-09-21T00:00:00
E03543,2026-09-04,S02,P004,3,549,2026-09-21T00:00:00
E03544,2026-09-05,S02,P005,4,1999,2026-09-21T00:00:00
E03545,2026-09-06,S02,P006,1,1999,2026-09-21T00:00:00
E03546,2026-09-07,S02,P007,5,4999,2026-09-21T00:00:00
E03547,2026-09-08,S02,P008,4,999,2026-09-21T00:00:00
E03548,2026-09-09,S02,P009,3,999,2026-09-21T00:00:00
E03549,2026-09-10,S02,P010,3,4999,2026-09-21T00:00:00
E03550,2026-09-11,S02,P011,3,1999,2026-09-21T00:00:00
E03551,2026-09-12,S02,P012,1,549,2026-09-21T00:00:00
E03552,2026-09-13,S02,P013,1,999,2026-09-21T00:00:00
E03553,2026-09-14,S02,P014,3,4999,2026-09-21T00:00:00
E03554,2026-09-15,S02,P015,3,1999,2026-09-21T00:00:00
E03555,2026-09-16,S02,P001,1,999,2026-09-21T00:00:00
E03556,2026-09-17,S02,P002,4,4999,2026-09-21T00:00:00
E03557,2026-09-18,S02,P003,1,4999,2026-09-21T00:00:00
E03558,2026-09-19,S02,P004,3,1999,2026-09-21T00:00:00
E03559,2026-09-20,S02,P005,1,999,2026-09-21T00:00:00
E03560,2026-09-01,S03,P006,3,999,2026-09-21T00:00:00
E03561,2026-09-02,S03,P007,2,4999,2026-09-21T00:00:00
E03562,2026-09-03,S03,P008,3,4999,2026-09-21T00:00:00
E03563,2026-09-04,S03,P009,1,1999,2026-09-21T00:00:00
E03564,2026-09-05,S03,P010,1,4999,2026-09-21T00:00:00
E03565,2026-09-06,S03,P011,4,4999,2026-09-21T00:00:00
E03566,2026-09-07,S03,P012,3,4999,2026-09-21T00:00:00
E03567,2026-09-08,S03,P013,1,999,2026-09-21T00:00:00
E03568,2026-09-09,S03,P014,3,549,2026-09-21T00:00:00
E03569,2026-09-10,S03,P015,3,4999,2026-09-21T00:00:00
E03570,2026-09-11,S03,P001,5,1999,2026-09-21T00:00:00
E03571,2026-09-12,S03,P002,4,549,2026-09-21T00:00:00
E03572,2026-09-13,S03,P003,1,999,2026-09-21T00:00:00
E03573,2026-09-14,S03,P004,4,999,2026-09-21T00:00:00
E03574,2026-09-15,S03,P005,1,4999,2026-09-21T00:00:00
E03575,2026-09-16,S03,P006,2,1999,2026-09-21T00:00:00
E03576,2026-09-17,S03,P007,3,549,2026-09-21T00:00:00
E03577,2026-09-18,S03,P008,1,999,2026-09-21T00:00:00
E03578,2026-09-19,S03,P009,2,999,2026-09-21T00:00:00
E03579,2026-09-20,S03,P010,5,4999,2026-09-21T00:00:00
E03580,2026-09-01,S04,P011,3,4999,2026-09-21T00:00:00
E03581,2026-09-02,S04,P012,4,999,2026-09-21T00:00:00
E03582,2026-09-03,S04,P013,3,999,2026-09-21T00:00:00
E03583,2026-09-04,S04,P014,5,1999,2026-09-21T00:00:00
E03584,2026-09-05,S04,P015,3,999,2026-09-21T00:00:00
E03585,2026-09-06,S04,P001,1,4999,2026-09-21T00:00:00
E03586,2026-09-07,S04,P002,3,999,2026-09-21T00:00:00
E03587,2026-09-08,S04,P003,4,4999,2026-09-21T00:00:00
E03588,2026-09-09,S04,P004,5,999,2026-09-21T00:00:00
E03589,2026-09-10,S04,P005,1,549,2026-09-21T00:00:00
E03590,2026-09-11,S04,P006,5,999,2026-09-21T00:00:00
E03591,2026-09-12,S04,P007,1,4999,2026-09-21T00:00:00
E03592,2026-09-13,S04,P008,2,1999,2026-09-21T00:00:00
E03593,2026-09-14,S04,P009,2,549,2026-09-21T00:00:00
E03594,2026-09-15,S04,P010,4,4999,2026-09-21T00:00:00
E03595,2026-09-16,S04,P011,5,1999,2026-09-21T00:00:00
E03596,2026-09-17,S04,P012,2,549,2026-09-21T00:00:00
E03597,2026-09-18,S04,P013,3,999,2026-09-21T00:00:00
E03598,2026-09-19,S04,P014,5,549,2026-09-21T00:00:00
E03599,2026-09-20,S04,P015,1,4999,2026-09-21T00:00:00
E03600,2026-09-01,S01,P001,4,4999,2026-09-21T00:00:00
E03601,2026-09-02,S01,P002,1,999,2026-09-21T00:00:00
E03602,2026-09-03,S01,P003,2,999,2026-09-21T00:00:00
E03603,2026-09-04,S01,P004,3,1999,2026-09-21T00:00:00
E03604,2026-09-05,S01,P005,4,4999,2026-09-21T00:00:00
E03605,2026-09-06,S01,P006,2,4999,2026-09-21T00:00:00
E03606,2026-09-07,S01,P007,2,999,2026-09-21T00:00:00
E03607,2026-09-08,S01,P008,3,999,2026-09-21T00:00:00
E03608,2026-09-09,S01,P009,4,999,2026-09-21T00:00:00
E03609,2026-09-10,S01,P010,4,999,2026-09-21T00:00:00
E03610,2026-09-11,S01,P011,1,1999,2026-09-21T00:00:00
E03611,2026-09-12,S01,P012,3,999,2026-09-21T00:00:00
E03612,2026-09-13,S01,P013,5,4999,2026-09-21T00:00:00
E03613,2026-09-14,S01,P014,2,1999,2026-09-21T00:00:00
E03614,2026-09-15,S01,P015,5,4999,2026-09-21T00:00:00
E03615,2026-09-16,S01,P001,1,549,2026-09-21T00:00:00
E03616,2026-09-17,S01,P002,4,999,2026-09-21T00:00:00
E03617,2026-09-18,S01,P003,3,4999,2026-09-21T00:00:00
E03618,2026-09-19,S01,P004,2,4999,2026-09-21T00:00:00
E03619,2026-09-20,S01,P005,4,1999,2026-09-21T00:00:00
E03620,2026-09-01,S02,P006,1,549,2026-09-21T00:00:00
E03621,2026-09-02,S02,P007,5,549,2026-09-21T00:00:00
E03622,2026-09-03,S02,P008,1,1999,2026-09-21T00:00:00
E03623,2026-09-04,S02,P009,2,4999,2026-09-21T00:00:00
E03624,2026-09-05,S02,P010,3,549,2026-09-21T00:00:00
E03625,2026-09-06,S02,P011,1,1999,2026-09-21T00:00:00
E03626,2026-09-07,S02,P012,5,4999,2026-09-21T00:00:00
E03627,2026-09-08,S02,P013,3,4999,2026-09-21T00:00:00
E03628,2026-09-09,S02,P014,3,999,2026-09-21T00:00:00
E03629,2026-09-10,S02,P015,5,549,2026-09-21T00:00:00
E03630,2026-09-11,S02,P001,5,999,2026-09-21T00:00:00
E03631,2026-09-12,S02,P002,3,999,2026-09-21T00:00:00
E03632,2026-09-13,S02,P003,5,4999,2026-09-21T00:00:00
E03633,2026-09-14,S02,P004,3,4999,2026-09-21T00:00:00
E03634,2026-09-15,S02,P005,2,549,2026-09-21T00:00:00
E03635,2026-09-16,S02,P006,3,4999,2026-09-21T00:00:00
E03636,2026-09-17,S02,P007,2,1999,2026-09-21T00:00:00
E03637,2026-09-18,S02,P008,1,1999,2026-09-21T00:00:00
E03638,2026-09-19,S02,P009,1,999,2026-09-21T00:00:00
E03639,2026-09-20,S02,P010,4,1999,2026-09-21T00:00:00
E03640,2026-09-01,S03,P011,3,4999,2026-09-21T00:00:00
E03641,2026-09-02,S03,P012,3,1999,2026-09-21T00:00:00
E03642,2026-09-03,S03,P013,5,1999,2026-09-21T00:00:00
E03643,2026-09-04,S03,P014,5,1999,2026-09-21T00:00:00
E03644,2026-09-05,S03,P015,4,999,2026-09-21T00:00:00
E03645,2026-09-06,S03,P001,3,4999,2026-09-21T00:00:00
E03646,2026-09-07,S03,P002,2,4999,2026-09-21T00:00:00
E03647,2026-09-08,S03,P003,1,999,2026-09-21T00:00:00
E03648,2026-09-09,S03,P004,2,549,2026-09-21T00:00:00
E03649,2026-09-10,S03,P005,2,999,2026-09-21T00:00:00
E03650,2026-09-11,S03,P006,1,4999,2026-09-21T00:00:00
E03651,2026-09-12,S03,P007,3,999,2026-09-21T00:00:00
E03652,2026-09-13,S03,P008,4,4999,2026-09-21T00:00:00
E03653,2026-09-14,S03,P009,1,4999,2026-09-21T00:00:00
E03654,2026-09-15,S03,P010,1,4999,2026-09-21T00:00:00
E03655,2026-09-16,S03,P011,3,4999,2026-09-21T00:00:00
E03656,2026-09-17,S03,P012,4,4999,2026-09-21T00:00:00
E03657,2026-09-18,S03,P013,1,999,2026-09-21T00:00:00
E03658,2026-09-19,S03,P014,1,1999,2026-09-21T00:00:00
E03659,2026-09-20,S03,P015,1,999,2026-09-21T00:00:00
E03660,2026-09-01,S04,P001,3,999,2026-09-21T00:00:00
E03661,2026-09-02,S04,P002,2,1999,2026-09-21T00:00:00
E03662,2026-09-03,S04,P003,5,999,2026-09-21T00:00:00
E03663,2026-09-04,S04,P004,5,549,2026-09-21T00:00:00
E03664,2026-09-05,S04,P005,5,999,2026-09-21T00:00:00
E03665,2026-09-06,S04,P006,4,549,2026-09-21T00:00:00
E03666,2026-09-07,S04,P007,2,4999,2026-09-21T00:00:00
E03667,2026-09-08,S04,P008,1,1999,2026-09-21T00:00:00
E03668,2026-09-09,S04,P009,1,1999,2026-09-21T00:00:00
E03669,2026-09-10,S04,P010,1,4999,2026-09-21T00:00:00
E03670,2026-09-11,S04,P011,3,549,2026-09-21T00:00:00
E03671,2026-09-12,S04,P012,3,999,2026-09-21T00:00:00
E03672,2026-09-13,S04,P013,1,549,2026-09-21T00:00:00
E03673,2026-09-14,S04,P014,4,4999,2026-09-21T00:00:00
E03674,2026-09-15,S04,P015,4,1999,2026-09-21T00:00:00
E03675,2026-09-16,S04,P001,5,549,2026-09-21T00:00:00
E03676,2026-09-17,S04,P002,3,549,2026-09-21T00:00:00
E03677,2026-09-18,S04,P003,5,4999,2026-09-21T00:00:00
E03678,2026-09-19,S04,P004,3,999,2026-09-21T00:00:00
E03679,2026-09-20,S04,P005,2,549,2026-09-21T00:00:00
E03680,2026-09-01,S01,P006,3,1999,2026-09-21T00:00:00
E03681,2026-09-02,S01,P007,1,549,2026-09-21T00:00:00
E03682,2026-09-03,S01,P008,5,4999,2026-09-21T00:00:00
E03683,2026-09-04,S01,P009,1,4999,2026-09-21T00:00:00
E03684,2026-09-05,S01,P010,3,999,2026-09-21T00:00:00
E03685,2026-09-06,S01,P011,2,4999,2026-09-21T00:00:00
E03686,2026-09-07,S01,P012,1,549,2026-09-21T00:00:00
E03687,2026-09-08,S01,P013,2,999,2026-09-21T00:00:00
E03688,2026-09-09,S01,P014,4,4999,2026-09-21T00:00:00
E03689,2026-09-10,S01,P015,3,999,2026-09-21T00:00:00
E03690,2026-09-11,S01,P001,1,1999,2026-09-21T00:00:00
E03691,2026-09-12,S01,P002,4,4999,2026-09-21T00:00:00
E03692,2026-09-13,S01,P003,3,999,2026-09-21T00:00:00
E03693,2026-09-14,S01,P004,3,549,2026-09-21T00:00:00
E03694,2026-09-15,S01,P005,3,999,2026-09-21T00:00:00
E03695,2026-09-16,S01,P006,4,4999,2026-09-21T00:00:00
E03696,2026-09-17,S01,P007,4,4999,2026-09-21T00:00:00
E03697,2026-09-18,S01,P008,3,4999,2026-09-21T00:00:00
E03698,2026-09-19,S01,P009,1,4999,2026-09-21T00:00:00
E03699,2026-09-20,S01,P010,3,999,2026-09-21T00:00:00
E03700,2026-09-01,S02,P011,4,4999,2026-09-21T00:00:00
E03701,2026-09-02,S02,P012,1,549,2026-09-21T00:00:00
E03702,2026-09-03,S02,P013,5,1999,2026-09-21T00:00:00
E03703,2026-09-04,S02,P014,4,999,2026-09-21T00:00:00
E03704,2026-09-05,S02,P015,2,4999,2026-09-21T00:00:00
E03705,2026-09-06,S02,P001,5,549,2026-09-21T00:00:00
E03706,2026-09-07,S02,P002,3,4999,2026-09-21T00:00:00
E03707,2026-09-08,S02,P003,4,549,2026-09-21T00:00:00
E03708,2026-09-09,S02,P004,4,1999,2026-09-21T00:00:00
E03709,2026-09-10,S02,P005,2,999,2026-09-21T00:00:00
E03710,2026-09-11,S02,P006,3,999,2026-09-21T00:00:00
E03711,2026-09-12,S02,P007,5,4999,2026-09-21T00:00:00
E03712,2026-09-13,S02,P008,3,549,2026-09-21T00:00:00
E03713,2026-09-14,S02,P009,5,549,2026-09-21T00:00:00
E03714,2026-09-15,S02,P010,1,549,2026-09-21T00:00:00
E03715,2026-09-16,S02,P011,5,4999,2026-09-21T00:00:00
E03716,2026-09-17,S02,P012,4,549,2026-09-21T00:00:00
E03717,2026-09-18,S02,P013,4,1999,2026-09-21T00:00:00
E03718,2026-09-19,S02,P014,3,1999,2026-09-21T00:00:00
E03719,2026-09-20,S02,P015,5,549,2026-09-21T00:00:00
E03720,2026-09-01,S03,P001,5,549,2026-09-21T00:00:00
E03721,2026-09-02,S03,P002,1,4999,2026-09-21T00:00:00
E03722,2026-09-03,S03,P003,2,999,2026-09-21T00:00:00
E03723,2026-09-04,S03,P004,4,549,2026-09-21T00:00:00
E03724,2026-09-05,S03,P005,1,4999,2026-09-21T00:00:00
E03725,2026-09-06,S03,P006,3,1999,2026-09-21T00:00:00
E03726,2026-09-07,S03,P007,5,4999,2026-09-21T00:00:00
E03727,2026-09-08,S03,P008,4,1999,2026-09-21T00:00:00
E03728,2026-09-09,S03,P009,3,999,2026-09-21T00:00:00
E03729,2026-09-10,S03,P010,2,999,2026-09-21T00:00:00
E03730,2026-09-11,S03,P011,1,1999,2026-09-21T00:00:00
E03731,2026-09-12,S03,P012,1,4999,2026-09-21T00:00:00
E03732,2026-09-13,S03,P013,5,549,2026-09-21T00:00:00
E03733,2026-09-14,S03,P014,1,4999,2026-09-21T00:00:00
E03734,2026-09-15,S03,P015,1,549,2026-09-21T00:00:00
E03735,2026-09-16,S03,P001,2,4999,2026-09-21T00:00:00
E03736,2026-09-17,S03,P002,4,4999,2026-09-21T00:00:00
E03737,2026-09-18,S03,P003,5,4999,2026-09-21T00:00:00
E03738,2026-09-19,S03,P004,3,1999,2026-09-21T00:00:00
E03739,2026-09-20,S03,P005,4,1999,2026-09-21T00:00:00
E03740,2026-09-01,S04,P006,1,999,2026-09-21T00:00:00
E03741,2026-09-02,S04,P007,2,549,2026-09-21T00:00:00
E03742,2026-09-03,S04,P008,2,549,2026-09-21T00:00:00
E03743,2026-09-04,S04,P009,1,999,2026-09-21T00:00:00
E03744,2026-09-05,S04,P010,1,999,2026-09-21T00:00:00
E03745,2026-09-06,S04,P011,4,999,2026-09-21T00:00:00
E03746,2026-09-07,S04,P012,2,4999,2026-09-21T00:00:00
E03747,2026-09-08,S04,P013,5,999,2026-09-21T00:00:00
E03748,2026-09-09,S04,P014,1,1999,2026-09-21T00:00:00
E03749,2026-09-10,S04,P015,4,999,2026-09-21T00:00:00
E03750,2026-09-11,S04,P001,4,4999,2026-09-21T00:00:00
E03751,2026-09-12,S04,P002,1,549,2026-09-21T00:00:00
E03752,2026-09-13,S04,P003,2,999,2026-09-21T00:00:00
E03753,2026-09-14,S04,P004,4,4999,2026-09-21T00:00:00
E03754,2026-09-15,S04,P005,4,549,2026-09-21T00:00:00
E03755,2026-09-16,S04,P006,4,999,2026-09-21T00:00:00
E03756,2026-09-17,S04,P007,2,1999,2026-09-21T00:00:00
E03757,2026-09-18,S04,P008,5,4999,2026-09-21T00:00:00
E03758,2026-09-19,S04,P009,1,1999,2026-09-21T00:00:00
E03759,2026-09-20,S04,P010,1,549,2026-09-21T00:00:00
E03760,2026-09-01,S01,P011,4,4999,2026-09-21T00:00:00
E03761,2026-09-02,S01,P012,4,1999,2026-09-21T00:00:00
E03762,2026-09-03,S01,P013,1,4999,2026-09-21T00:00:00
E03763,2026-09-04,S01,P014,4,4999,2026-09-21T00:00:00
E03764,2026-09-05,S01,P015,5,4999,2026-09-21T00:00:00
E03765,2026-09-06,S01,P001,2,549,2026-09-21T00:00:00
E03766,2026-09-07,S01,P002,5,549,2026-09-21T00:00:00
E03767,2026-09-08,S01,P003,4,1999,2026-09-21T00:00:00
E03768,2026-09-09,S01,P004,5,549,2026-09-21T00:00:00
E03769,2026-09-10,S01,P005,3,4999,2026-09-21T00:00:00
E03770,2026-09-11,S01,P006,4,549,2026-09-21T00:00:00
E03771,2026-09-12,S01,P007,4,1999,2026-09-21T00:00:00
E03772,2026-09-13,S01,P008,4,4999,2026-09-21T00:00:00
E03773,2026-09-14,S01,P009,1,999,2026-09-21T00:00:00
E03774,2026-09-15,S01,P010,3,999,2026-09-21T00:00:00
E03775,2026-09-16,S01,P011,4,1999,2026-09-21T00:00:00
E03776,2026-09-17,S01,P012,4,999,2026-09-21T00:00:00
E03777,2026-09-18,S01,P013,5,999,2026-09-21T00:00:00
E03778,2026-09-19,S01,P014,5,1999,2026-09-21T00:00:00
E03779,2026-09-20,S01,P015,5,4999,2026-09-21T00:00:00
E03780,2026-09-01,S02,P001,2,1999,2026-09-21T00:00:00
E03781,2026-09-02,S02,P002,4,4999,2026-09-21T00:00:00
E03782,2026-09-03,S02,P003,3,4999,2026-09-21T00:00:00
E03783,2026-09-04,S02,P004,2,999,2026-09-21T00:00:00
E03784,2026-09-05,S02,P005,3,549,2026-09-21T00:00:00
E03785,2026-09-06,S02,P006,4,999,2026-09-21T00:00:00
E03786,2026-09-07,S02,P007,2,999,2026-09-21T00:00:00
E03787,2026-09-08,S02,P008,2,4999,2026-09-21T00:00:00
E03788,2026-09-09,S02,P009,1,4999,2026-09-21T00:00:00
E03789,2026-09-10,S02,P010,4,1999,2026-09-21T00:00:00
E03790,2026-09-11,S02,P011,2,999,2026-09-21T00:00:00
E03791,2026-09-12,S02,P012,5,549,2026-09-21T00:00:00
E03792,2026-09-13,S02,P013,1,1999,2026-09-21T00:00:00
E03793,2026-09-14,S02,P014,3,1999,2026-09-21T00:00:00
E03794,2026-09-15,S02,P015,2,999,2026-09-21T00:00:00
E03795,2026-09-16,S02,P001,5,549,2026-09-21T00:00:00
E03796,2026-09-17,S02,P002,1,1999,2026-09-21T00:00:00
E03797,2026-09-18,S02,P003,4,549,2026-09-21T00:00:00
E03798,2026-09-19,S02,P004,5,999,2026-09-21T00:00:00
E03799,2026-09-20,S02,P005,1,999,2026-09-21T00:00:00
E03800,2026-09-01,S03,P006,4,1999,2026-09-21T00:00:00
E03801,2026-09-02,S03,P007,3,1999,2026-09-21T00:00:00
E03802,2026-09-03,S03,P008,1,1999,2026-09-21T00:00:00
E03803,2026-09-04,S03,P009,2,549,2026-09-21T00:00:00
E03804,2026-09-05,S03,P010,1,4999,2026-09-21T00:00:00
E03805,2026-09-06,S03,P011,4,549,2026-09-21T00:00:00
E03806,2026-09-07,S03,P012,1,549,2026-09-21T00:00:00
E03807,2026-09-08,S03,P013,5,549,2026-09-21T00:00:00
E03808,2026-09-09,S03,P014,5,549,2026-09-21T00:00:00
E03809,2026-09-10,S03,P015,2,549,2026-09-21T00:00:00
E03810,2026-09-11,S03,P001,2,1999,2026-09-21T00:00:00
E03811,2026-09-12,S03,P002,2,1999,2026-09-21T00:00:00
E03812,2026-09-13,S03,P003,4,4999,2026-09-21T00:00:00
E03813,2026-09-14,S03,P004,1,999,2026-09-21T00:00:00
E03814,2026-09-15,S03,P005,3,1999,2026-09-21T00:00:00
E03815,2026-09-16,S03,P006,2,549,2026-09-21T00:00:00
E03816,2026-09-17,S03,P007,2,4999,2026-09-21T00:00:00
E03817,2026-09-18,S03,P008,4,549,2026-09-21T00:00:00
E03818,2026-09-19,S03,P009,2,4999,2026-09-21T00:00:00
E03819,2026-09-20,S03,P010,3,1999,2026-09-21T00:00:00
E03820,2026-09-01,S04,P011,5,999,2026-09-21T00:00:00
E03821,2026-09-02,S04,P012,1,1999,2026-09-21T00:00:00
E03822,2026-09-03,S04,P013,3,4999,2026-09-21T00:00:00
E03823,2026-09-04,S04,P014,3,999,2026-09-21T00:00:00
E03824,2026-09-05,S04,P015,2,4999,2026-09-21T00:00:00
E03825,2026-09-06,S04,P001,2,999,2026-09-21T00:00:00
E03826,2026-09-07,S04,P002,4,4999,2026-09-21T00:00:00
E03827,2026-09-08,S04,P003,4,4999,2026-09-21T00:00:00
E03828,2026-09-09,S04,P004,5,1999,2026-09-21T00:00:00
E03829,2026-09-10,S04,P005,1,4999,2026-09-21T00:00:00
E03830,2026-09-11,S04,P006,2,549,2026-09-21T00:00:00
E03831,2026-09-12,S04,P007,5,549,2026-09-21T00:00:00
E03832,2026-09-13,S04,P008,1,1999,2026-09-21T00:00:00
E03833,2026-09-14,S04,P009,3,4999,2026-09-21T00:00:00
E03834,2026-09-15,S04,P010,2,4999,2026-09-21T00:00:00
E03835,2026-09-16,S04,P011,1,4999,2026-09-21T00:00:00
E03836,2026-09-17,S04,P012,1,999,2026-09-21T00:00:00
E03837,2026-09-18,S04,P013,5,549,2026-09-21T00:00:00
E03838,2026-09-19,S04,P014,5,1999,2026-09-21T00:00:00
E03839,2026-09-20,S04,P015,4,4999,2026-09-21T00:00:00
E03840,2026-09-01,S01,P001,5,1999,2026-09-21T00:00:00
E03841,2026-09-02,S01,P002,3,1999,2026-09-21T00:00:00
E03842,2026-09-03,S01,P003,1,1999,2026-09-21T00:00:00
E03843,2026-09-04,S01,P004,5,999,2026-09-21T00:00:00
E03844,2026-09-05,S01,P005,4,4999,2026-09-21T00:00:00
E03845,2026-09-06,S01,P006,2,4999,2026-09-21T00:00:00
E03846,2026-09-07,S01,P007,3,4999,2026-09-21T00:00:00
E03847,2026-09-08,S01,P008,2,1999,2026-09-21T00:00:00
E03848,2026-09-09,S01,P009,1,549,2026-09-21T00:00:00
E03849,2026-09-10,S01,P010,5,1999,2026-09-21T00:00:00
E03850,2026-09-11,S01,P011,4,999,2026-09-21T00:00:00
E03851,2026-09-12,S01,P012,5,1999,2026-09-21T00:00:00
E03852,2026-09-13,S01,P013,2,549,2026-09-21T00:00:00
E03853,2026-09-14,S01,P014,5,1999,2026-09-21T00:00:00
E03854,2026-09-15,S01,P015,5,1999,2026-09-21T00:00:00
E03855,2026-09-16,S01,P001,2,549,2026-09-21T00:00:00
E03856,2026-09-17,S01,P002,1,1999,2026-09-21T00:00:00
E03857,2026-09-18,S01,P003,2,1999,2026-09-21T00:00:00
E03858,2026-09-19,S01,P004,4,549,2026-09-21T00:00:00
E03859,2026-09-20,S01,P005,1,1999,2026-09-21T00:00:00
E03860,2026-09-01,S02,P006,3,1999,2026-09-21T00:00:00
E03861,2026-09-02,S02,P007,1,549,2026-09-21T00:00:00
E03862,2026-09-03,S02,P008,1,4999,2026-09-21T00:00:00
E03863,2026-09-04,S02,P009,3,549,2026-09-21T00:00:00
E03864,2026-09-05,S02,P010,4,1999,2026-09-21T00:00:00
E03865,2026-09-06,S02,P011,2,999,2026-09-21T00:00:00
E03866,2026-09-07,S02,P012,3,1999,2026-09-21T00:00:00
E03867,2026-09-08,S02,P013,3,999,2026-09-21T00:00:00
E03868,2026-09-09,S02,P014,4,999,2026-09-21T00:00:00
E03869,2026-09-10,S02,P015,1,1999,2026-09-21T00:00:00
E03870,2026-09-11,S02,P001,5,999,2026-09-21T00:00:00
E03871,2026-09-12,S02,P002,3,4999,2026-09-21T00:00:00
E03872,2026-09-13,S02,P003,1,999,2026-09-21T00:00:00
E03873,2026-09-14,S02,P004,4,4999,2026-09-21T00:00:00
E03874,2026-09-15,S02,P005,1,549,2026-09-21T00:00:00
E03875,2026-09-16,S02,P006,1,4999,2026-09-21T00:00:00
E03876,2026-09-17,S02,P007,2,4999,2026-09-21T00:00:00
E03877,2026-09-18,S02,P008,2,4999,2026-09-21T00:00:00
E03878,2026-09-19,S02,P009,1,1999,2026-09-21T00:00:00
E03879,2026-09-20,S02,P010,5,4999,2026-09-21T00:00:00
E03880,2026-09-01,S03,P011,5,4999,2026-09-21T00:00:00
E03881,2026-09-02,S03,P012,3,4999,2026-09-21T00:00:00
E03882,2026-09-03,S03,P013,4,4999,2026-09-21T00:00:00
E03883,2026-09-04,S03,P014,4,4999,2026-09-21T00:00:00
E03884,2026-09-05,S03,P015,2,999,2026-09-21T00:00:00
E03885,2026-09-06,S03,P001,5,999,2026-09-21T00:00:00
E03886,2026-09-07,S03,P002,4,4999,2026-09-21T00:00:00
E03887,2026-09-08,S03,P003,2,549,2026-09-21T00:00:00
E03888,2026-09-09,S03,P004,2,4999,2026-09-21T00:00:00
E03889,2026-09-10,S03,P005,4,549,2026-09-21T00:00:00
E03890,2026-09-11,S03,P006,2,1999,2026-09-21T00:00:00
E03891,2026-09-12,S03,P007,1,4999,2026-09-21T00:00:00
E03892,2026-09-13,S03,P008,1,549,2026-09-21T00:00:00
E03893,2026-09-14,S03,P009,3,1999,2026-09-21T00:00:00
E03894,2026-09-15,S03,P010,1,999,2026-09-21T00:00:00
E03895,2026-09-16,S03,P011,1,1999,2026-09-21T00:00:00
E03896,2026-09-17,S03,P012,3,1999,2026-09-21T00:00:00
E03897,2026-09-18,S03,P013,3,1999,2026-09-21T00:00:00
E03898,2026-09-19,S03,P014,4,549,2026-09-21T00:00:00
E03899,2026-09-20,S03,P015,2,999,2026-09-21T00:00:00
E03900,2026-09-01,S04,P001,5,4999,2026-09-21T00:00:00
E03901,2026-09-02,S04,P002,1,1999,2026-09-21T00:00:00
E03902,2026-09-03,S04,P003,3,999,2026-09-21T00:00:00
E03903,2026-09-04,S04,P004,2,4999,2026-09-21T00:00:00
E03904,2026-09-05,S04,P005,1,549,2026-09-21T00:00:00
E03905,2026-09-06,S04,P006,5,1999,2026-09-21T00:00:00
E03906,2026-09-07,S04,P007,1,549,2026-09-21T00:00:00
E03907,2026-09-08,S04,P008,4,4999,2026-09-21T00:00:00
E03908,2026-09-09,S04,P009,5,1999,2026-09-21T00:00:00
E03909,2026-09-10,S04,P010,5,4999,2026-09-21T00:00:00
E03910,2026-09-11,S04,P011,3,4999,2026-09-21T00:00:00
E03911,2026-09-12,S04,P012,4,999,2026-09-21T00:00:00
E03912,2026-09-13,S04,P013,2,4999,2026-09-21T00:00:00
E03913,2026-09-14,S04,P014,4,4999,2026-09-21T00:00:00
E03914,2026-09-15,S04,P015,2,1999,2026-09-21T00:00:00
E03915,2026-09-16,S04,P001,1,4999,2026-09-21T00:00:00
E03916,2026-09-17,S04,P002,4,999,2026-09-21T00:00:00
E03917,2026-09-18,S04,P003,4,1999,2026-09-21T00:00:00
E03918,2026-09-19,S04,P004,5,549,2026-09-21T00:00:00
E03919,2026-09-20,S04,P005,4,1999,2026-09-21T00:00:00
E03920,2026-09-01,S01,P006,1,999,2026-09-21T00:00:00
E03921,2026-09-02,S01,P007,1,1999,2026-09-21T00:00:00
E03922,2026-09-03,S01,P008,5,549,2026-09-21T00:00:00
E03923,2026-09-04,S01,P009,5,549,2026-09-21T00:00:00
E03924,2026-09-05,S01,P010,2,549,2026-09-21T00:00:00
E03925,2026-09-06,S01,P011,5,999,2026-09-21T00:00:00
E03926,2026-09-07,S01,P012,4,549,2026-09-21T00:00:00
E03927,2026-09-08,S01,P013,1,999,2026-09-21T00:00:00
E03928,2026-09-09,S01,P014,1,1999,2026-09-21T00:00:00
E03929,2026-09-10,S01,P015,2,999,2026-09-21T00:00:00
E03930,2026-09-11,S01,P001,5,4999,2026-09-21T00:00:00
E03931,2026-09-12,S01,P002,1,1999,2026-09-21T00:00:00
E03932,2026-09-13,S01,P003,4,549,2026-09-21T00:00:00
E03933,2026-09-14,S01,P004,4,549,2026-09-21T00:00:00
E03934,2026-09-15,S01,P005,3,4999,2026-09-21T00:00:00
E03935,2026-09-16,S01,P006,2,4999,2026-09-21T00:00:00
E03936,2026-09-17,S01,P007,1,1999,2026-09-21T00:00:00
E03937,2026-09-18,S01,P008,4,1999,2026-09-21T00:00:00
E03938,2026-09-19,S01,P009,1,549,2026-09-21T00:00:00
E03939,2026-09-20,S01,P010,1,999,2026-09-21T00:00:00
E03940,2026-09-01,S02,P011,3,999,2026-09-21T00:00:00
E03941,2026-09-02,S02,P012,2,1999,2026-09-21T00:00:00
E03942,2026-09-03,S02,P013,1,999,2026-09-21T00:00:00
E03943,2026-09-04,S02,P014,3,4999,2026-09-21T00:00:00
E03944,2026-09-05,S02,P015,2,549,2026-09-21T00:00:00
E03945,2026-09-06,S02,P001,5,1999,2026-09-21T00:00:00
E03946,2026-09-07,S02,P002,2,549,2026-09-21T00:00:00
E03947,2026-09-08,S02,P003,1,1999,2026-09-21T00:00:00
E03948,2026-09-09,S02,P004,4,549,2026-09-21T00:00:00
E03949,2026-09-10,S02,P005,3,999,2026-09-21T00:00:00
E03950,2026-09-11,S02,P006,4,1999,2026-09-21T00:00:00
E03951,2026-09-12,S02,P007,3,4999,2026-09-21T00:00:00
E03952,2026-09-13,S02,P008,1,549,2026-09-21T00:00:00
E03953,2026-09-14,S02,P009,2,999,2026-09-21T00:00:00
E03954,2026-09-15,S02,P010,5,999,2026-09-21T00:00:00
E03955,2026-09-16,S02,P011,4,4999,2026-09-21T00:00:00
E03956,2026-09-17,S02,P012,1,1999,2026-09-21T00:00:00
E03957,2026-09-18,S02,P013,1,1999,2026-09-21T00:00:00
E03958,2026-09-19,S02,P014,4,4999,2026-09-21T00:00:00
E03959,2026-09-20,S02,P015,1,4999,2026-09-21T00:00:00
E03960,2026-09-01,S03,P001,1,4999,2026-09-21T00:00:00
E03961,2026-09-02,S03,P002,2,549,2026-09-21T00:00:00
E03962,2026-09-03,S03,P003,3,549,2026-09-21T00:00:00
E03963,2026-09-04,S03,P004,2,999,2026-09-21T00:00:00
E03964,2026-09-05,S03,P005,3,4999,2026-09-21T00:00:00
E03965,2026-09-06,S03,P006,4,549,2026-09-21T00:00:00
E03966,2026-09-07,S03,P007,5,999,2026-09-21T00:00:00
E03967,2026-09-08,S03,P008,2,1999,2026-09-21T00:00:00
E03968,2026-09-09,S03,P009,5,999,2026-09-21T00:00:00
E03969,2026-09-10,S03,P010,2,4999,2026-09-21T00:00:00
E03970,2026-09-11,S03,P011,5,4999,2026-09-21T00:00:00
E03971,2026-09-12,S03,P012,1,549,2026-09-21T00:00:00
E03972,2026-09-13,S03,P013,4,1999,2026-09-21T00:00:00
E03973,2026-09-14,S03,P014,2,549,2026-09-21T00:00:00
E03974,2026-09-15,S03,P015,1,4999,2026-09-21T00:00:00
E03975,2026-09-16,S03,P001,3,1999,2026-09-21T00:00:00
E03976,2026-09-17,S03,P002,4,1999,2026-09-21T00:00:00
E03977,2026-09-18,S03,P003,2,1999,2026-09-21T00:00:00
E03978,2026-09-19,S03,P004,1,999,2026-09-21T00:00:00
E03979,2026-09-20,S03,P005,5,549,2026-09-21T00:00:00
E03980,2026-09-01,S04,P006,3,549,2026-09-21T00:00:00
E03981,2026-09-02,S04,P007,4,549,2026-09-21T00:00:00
E03982,2026-09-03,S04,P008,2,1999,2026-09-21T00:00:00
E03983,2026-09-04,S04,P009,4,999,2026-09-21T00:00:00
E03984,2026-09-05,S04,P010,5,1999,2026-09-21T00:00:00
E03985,2026-09-06,S04,P011,3,1999,2026-09-21T00:00:00
E03986,2026-09-07,S04,P012,4,1999,2026-09-21T00:00:00
E03987,2026-09-08,S04,P013,2,1999,2026-09-21T00:00:00
E03988,2026-09-09,S04,P014,3,999,2026-09-21T00:00:00
E03989,2026-09-10,S04,P015,4,1999,2026-09-21T00:00:00
E03990,2026-09-11,S04,P001,1,999,2026-09-21T00:00:00
E03991,2026-09-12,S04,P002,1,4999,2026-09-21T00:00:00
E03992,2026-09-13,S04,P003,1,549,2026-09-21T00:00:00
E03993,2026-09-14,S04,P004,2,4999,2026-09-21T00:00:00
E03994,2026-09-15,S04,P005,5,4999,2026-09-21T00:00:00
E03995,2026-09-16,S04,P006,4,549,2026-09-21T00:00:00
E03996,2026-09-17,S04,P007,1,549,2026-09-21T00:00:00
E03997,2026-09-18,S04,P008,4,549,2026-09-21T00:00:00
E03998,2026-09-19,S04,P009,3,4999,2026-09-21T00:00:00
E03999,2026-09-20,S04,P010,5,1999,2026-09-21T00:00:00
E04000,2026-09-01,S01,P011,4,999,2026-09-21T00:00:00
E04001,2026-09-02,S01,P012,1,549,2026-09-21T00:00:00
E04002,2026-09-03,S01,P013,4,1999,2026-09-21T00:00:00
E04003,2026-09-04,S01,P014,2,4999,2026-09-21T00:00:00
E04004,2026-09-05,S01,P015,1,999,2026-09-21T00:00:00
E04005,2026-09-06,S01,P001,1,1999,2026-09-21T00:00:00
E04006,2026-09-07,S01,P002,3,999,2026-09-21T00:00:00
E04007,2026-09-08,S01,P003,1,1999,2026-09-21T00:00:00
E04008,2026-09-09,S01,P004,2,999,2026-09-21T00:00:00
E04009,2026-09-10,S01,P005,4,1999,2026-09-21T00:00:00
E04010,2026-09-11,S01,P006,1,1999,2026-09-21T00:00:00
E04011,2026-09-12,S01,P007,4,999,2026-09-21T00:00:00
E04012,2026-09-13,S01,P008,1,999,2026-09-21T00:00:00
E04013,2026-09-14,S01,P009,4,549,2026-09-21T00:00:00
E04014,2026-09-15,S01,P010,3,4999,2026-09-21T00:00:00
E04015,2026-09-16,S01,P011,2,999,2026-09-21T00:00:00
E04016,2026-09-17,S01,P012,5,999,2026-09-21T00:00:00
E04017,2026-09-18,S01,P013,1,999,2026-09-21T00:00:00
E04018,2026-09-19,S01,P014,1,999,2026-09-21T00:00:00
E04019,2026-09-20,S01,P015,3,999,2026-09-21T00:00:00
E04020,2026-09-01,S02,P001,5,1999,2026-09-21T00:00:00
E04021,2026-09-02,S02,P002,2,549,2026-09-21T00:00:00
E04022,2026-09-03,S02,P003,5,1999,2026-09-21T00:00:00
E04023,2026-09-04,S02,P004,5,4999,2026-09-21T00:00:00
E04024,2026-09-05,S02,P005,1,4999,2026-09-21T00:00:00
E04025,2026-09-06,S02,P006,1,1999,2026-09-21T00:00:00
E04026,2026-09-07,S02,P007,4,4999,2026-09-21T00:00:00
E04027,2026-09-08,S02,P008,3,549,2026-09-21T00:00:00
E04028,2026-09-09,S02,P009,5,4999,2026-09-21T00:00:00
E04029,2026-09-10,S02,P010,4,1999,2026-09-21T00:00:00
E04030,2026-09-11,S02,P011,5,549,2026-09-21T00:00:00
E04031,2026-09-12,S02,P012,2,549,2026-09-21T00:00:00
E04032,2026-09-13,S02,P013,3,4999,2026-09-21T00:00:00
E04033,2026-09-14,S02,P014,5,4999,2026-09-21T00:00:00
E04034,2026-09-15,S02,P015,3,549,2026-09-21T00:00:00
E04035,2026-09-16,S02,P001,4,999,2026-09-21T00:00:00
E04036,2026-09-17,S02,P002,3,549,2026-09-21T00:00:00
E04037,2026-09-18,S02,P003,5,549,2026-09-21T00:00:00
E04038,2026-09-19,S02,P004,2,4999,2026-09-21T00:00:00
E04039,2026-09-20,S02,P005,1,999,2026-09-21T00:00:00
E04040,2026-09-01,S03,P006,2,999,2026-09-21T00:00:00
E04041,2026-09-02,S03,P007,3,1999,2026-09-21T00:00:00
E04042,2026-09-03,S03,P008,1,549,2026-09-21T00:00:00
E04043,2026-09-04,S03,P009,1,4999,2026-09-21T00:00:00
E04044,2026-09-05,S03,P010,4,549,2026-09-21T00:00:00
E04045,2026-09-06,S03,P011,5,1999,2026-09-21T00:00:00
E04046,2026-09-07,S03,P012,3,999,2026-09-21T00:00:00
E04047,2026-09-08,S03,P013,1,4999,2026-09-21T00:00:00
E04048,2026-09-09,S03,P014,2,1999,2026-09-21T00:00:00
E04049,2026-09-10,S03,P015,1,1999,2026-09-21T00:00:00
E04050,2026-09-11,S03,P001,5,999,2026-09-21T00:00:00
E04051,2026-09-12,S03,P002,1,4999,2026-09-21T00:00:00
E04052,2026-09-13,S03,P003,1,4999,2026-09-21T00:00:00
E04053,2026-09-14,S03,P004,5,549,2026-09-21T00:00:00
E04054,2026-09-15,S03,P005,1,549,2026-09-21T00:00:00
E04055,2026-09-16,S03,P006,1,4999,2026-09-21T00:00:00
E04056,2026-09-17,S03,P007,3,549,2026-09-21T00:00:00
E04057,2026-09-18,S03,P008,2,549,2026-09-21T00:00:00
E04058,2026-09-19,S03,P009,4,549,2026-09-21T00:00:00
E04059,2026-09-20,S03,P010,3,4999,2026-09-21T00:00:00
E04060,2026-09-01,S04,P011,1,549,2026-09-21T00:00:00
E04061,2026-09-02,S04,P012,1,549,2026-09-21T00:00:00
E04062,2026-09-03,S04,P013,3,4999,2026-09-21T00:00:00
E04063,2026-09-04,S04,P014,4,549,2026-09-21T00:00:00
E04064,2026-09-05,S04,P015,5,4999,2026-09-21T00:00:00
E04065,2026-09-06,S04,P001,2,549,2026-09-21T00:00:00
E04066,2026-09-07,S04,P002,4,4999,2026-09-21T00:00:00
E04067,2026-09-08,S04,P003,4,4999,2026-09-21T00:00:00
E04068,2026-09-09,S04,P004,5,549,2026-09-21T00:00:00
E04069,2026-09-10,S04,P005,3,549,2026-09-21T00:00:00
E04070,2026-09-11,S04,P006,4,1999,2026-09-21T00:00:00
E04071,2026-09-12,S04,P007,5,999,2026-09-21T00:00:00
E04072,2026-09-13,S04,P008,1,549,2026-09-21T00:00:00
E04073,2026-09-14,S04,P009,1,549,2026-09-21T00:00:00
E04074,2026-09-15,S04,P010,5,999,2026-09-21T00:00:00
E04075,2026-09-16,S04,P011,5,999,2026-09-21T00:00:00
E04076,2026-09-17,S04,P012,5,1999,2026-09-21T00:00:00
E04077,2026-09-18,S04,P013,3,4999,2026-09-21T00:00:00
E04078,2026-09-19,S04,P014,4,4999,2026-09-21T00:00:00
E04079,2026-09-20,S04,P015,2,999,2026-09-21T00:00:00
E04080,2026-09-01,S01,P001,2,549,2026-09-21T00:00:00
E04081,2026-09-02,S01,P002,1,999,2026-09-21T00:00:00
E04082,2026-09-03,S01,P003,3,4999,2026-09-21T00:00:00
E04083,2026-09-04,S01,P004,5,1999,2026-09-21T00:00:00
E04084,2026-09-05,S01,P005,3,999,2026-09-21T00:00:00
E04085,2026-09-06,S01,P006,2,4999,2026-09-21T00:00:00
E04086,2026-09-07,S01,P007,3,1999,2026-09-21T00:00:00
E04087,2026-09-08,S01,P008,3,1999,2026-09-21T00:00:00
E04088,2026-09-09,S01,P009,1,999,2026-09-21T00:00:00
E04089,2026-09-10,S01,P010,1,999,2026-09-21T00:00:00
E04090,2026-09-11,S01,P011,5,549,2026-09-21T00:00:00
E04091,2026-09-12,S01,P012,4,1999,2026-09-21T00:00:00
E04092,2026-09-13,S01,P013,2,999,2026-09-21T00:00:00
E04093,2026-09-14,S01,P014,2,549,2026-09-21T00:00:00
E04094,2026-09-15,S01,P015,3,999,2026-09-21T00:00:00
E04095,2026-09-16,S01,P001,4,4999,2026-09-21T00:00:00
E04096,2026-09-17,S01,P002,5,1999,2026-09-21T00:00:00
E04097,2026-09-18,S01,P003,5,1999,2026-09-21T00:00:00
E04098,2026-09-19,S01,P004,5,1999,2026-09-21T00:00:00
E04099,2026-09-20,S01,P005,4,1999,2026-09-21T00:00:00
E04100,2026-09-01,S02,P006,2,549,2026-09-21T00:00:00
E04101,2026-09-02,S02,P007,4,549,2026-09-21T00:00:00
E04102,2026-09-03,S02,P008,4,999,2026-09-21T00:00:00
E04103,2026-09-04,S02,P009,1,999,2026-09-21T00:00:00
E04104,2026-09-05,S02,P010,2,4999,2026-09-21T00:00:00
E04105,2026-09-06,S02,P011,5,999,2026-09-21T00:00:00
E04106,2026-09-07,S02,P012,2,4999,2026-09-21T00:00:00
E04107,2026-09-08,S02,P013,3,4999,2026-09-21T00:00:00
E04108,2026-09-09,S02,P014,2,4999,2026-09-21T00:00:00
E04109,2026-09-10,S02,P015,2,549,2026-09-21T00:00:00
E04110,2026-09-11,S02,P001,3,549,2026-09-21T00:00:00
E04111,2026-09-12,S02,P002,1,1999,2026-09-21T00:00:00
E04112,2026-09-13,S02,P003,1,549,2026-09-21T00:00:00
E04113,2026-09-14,S02,P004,2,1999,2026-09-21T00:00:00
E04114,2026-09-15,S02,P005,4,999,2026-09-21T00:00:00
E04115,2026-09-16,S02,P006,5,1999,2026-09-21T00:00:00
E04116,2026-09-17,S02,P007,1,549,2026-09-21T00:00:00
E04117,2026-09-18,S02,P008,2,999,2026-09-21T00:00:00
E04118,2026-09-19,S02,P009,3,999,2026-09-21T00:00:00
E04119,2026-09-20,S02,P010,2,1999,2026-09-21T00:00:00
E04120,2026-09-01,S03,P011,2,1999,2026-09-21T00:00:00
E04121,2026-09-02,S03,P012,5,999,2026-09-21T00:00:00
E04122,2026-09-03,S03,P013,2,999,2026-09-21T00:00:00
E04123,2026-09-04,S03,P014,1,999,2026-09-21T00:00:00
E04124,2026-09-05,S03,P015,3,549,2026-09-21T00:00:00
E04125,2026-09-06,S03,P001,1,999,2026-09-21T00:00:00
E04126,2026-09-07,S03,P002,4,549,2026-09-21T00:00:00
E04127,2026-09-08,S03,P003,3,999,2026-09-21T00:00:00
E04128,2026-09-09,S03,P004,3,4999,2026-09-21T00:00:00
E04129,2026-09-10,S03,P005,2,1999,2026-09-21T00:00:00
E04130,2026-09-11,S03,P006,3,999,2026-09-21T00:00:00
E04131,2026-09-12,S03,P007,5,4999,2026-09-21T00:00:00
E04132,2026-09-13,S03,P008,1,549,2026-09-21T00:00:00
E04133,2026-09-14,S03,P009,2,999,2026-09-21T00:00:00
E04134,2026-09-15,S03,P010,2,999,2026-09-21T00:00:00
E04135,2026-09-16,S03,P011,5,4999,2026-09-21T00:00:00
E04136,2026-09-17,S03,P012,3,1999,2026-09-21T00:00:00
E04137,2026-09-18,S03,P013,5,4999,2026-09-21T00:00:00
E04138,2026-09-19,S03,P014,2,549,2026-09-21T00:00:00
E04139,2026-09-20,S03,P015,5,999,2026-09-21T00:00:00
E04140,2026-09-01,S04,P001,5,1999,2026-09-21T00:00:00
E04141,2026-09-02,S04,P002,2,1999,2026-09-21T00:00:00
E04142,2026-09-03,S04,P003,2,549,2026-09-21T00:00:00
E04143,2026-09-04,S04,P004,3,999,2026-09-21T00:00:00
E04144,2026-09-05,S04,P005,5,4999,2026-09-21T00:00:00
E04145,2026-09-06,S04,P006,2,549,2026-09-21T00:00:00
E04146,2026-09-07,S04,P007,4,549,2026-09-21T00:00:00
E04147,2026-09-08,S04,P008,2,4999,2026-09-21T00:00:00
E04148,2026-09-09,S04,P009,5,1999,2026-09-21T00:00:00
E04149,2026-09-10,S04,P010,4,4999,2026-09-21T00:00:00
E04150,2026-09-11,S04,P011,2,1999,2026-09-21T00:00:00
E04151,2026-09-12,S04,P012,3,4999,2026-09-21T00:00:00
E04152,2026-09-13,S04,P013,4,4999,2026-09-21T00:00:00
E04153,2026-09-14,S04,P014,3,4999,2026-09-21T00:00:00
E04154,2026-09-15,S04,P015,5,549,2026-09-21T00:00:00
E04155,2026-09-16,S04,P001,2,999,2026-09-21T00:00:00
E04156,2026-09-17,S04,P002,2,4999,2026-09-21T00:00:00
E04157,2026-09-18,S04,P003,2,4999,2026-09-21T00:00:00
E04158,2026-09-19,S04,P004,2,1999,2026-09-21T00:00:00
E04159,2026-09-20,S04,P005,4,4999,2026-09-21T00:00:00
E04160,2026-09-01,S01,P006,5,999,2026-09-21T00:00:00
E04161,2026-09-02,S01,P007,3,1999,2026-09-21T00:00:00
E04162,2026-09-03,S01,P008,5,549,2026-09-21T00:00:00
E04163,2026-09-04,S01,P009,2,549,2026-09-21T00:00:00
E04164,2026-09-05,S01,P010,3,4999,2026-09-21T00:00:00
E04165,2026-09-06,S01,P011,5,1999,2026-09-21T00:00:00
E04166,2026-09-07,S01,P012,2,549,2026-09-21T00:00:00
E04167,2026-09-08,S01,P013,4,1999,2026-09-21T00:00:00
E04168,2026-09-09,S01,P014,4,4999,2026-09-21T00:00:00
E04169,2026-09-10,S01,P015,4,4999,2026-09-21T00:00:00
E04170,2026-09-11,S01,P001,4,1999,2026-09-21T00:00:00
E04171,2026-09-12,S01,P002,4,1999,2026-09-21T00:00:00
E04172,2026-09-13,S01,P003,3,4999,2026-09-21T00:00:00
E04173,2026-09-14,S01,P004,1,999,2026-09-21T00:00:00
E04174,2026-09-15,S01,P005,4,999,2026-09-21T00:00:00
E04175,2026-09-16,S01,P006,3,549,2026-09-21T00:00:00
E04176,2026-09-17,S01,P007,3,549,2026-09-21T00:00:00
E04177,2026-09-18,S01,P008,3,549,2026-09-21T00:00:00
E04178,2026-09-19,S01,P009,3,999,2026-09-21T00:00:00
E04179,2026-09-20,S01,P010,1,549,2026-09-21T00:00:00
E04180,2026-09-01,S02,P011,1,1999,2026-09-21T00:00:00
E04181,2026-09-02,S02,P012,1,999,2026-09-21T00:00:00
E04182,2026-09-03,S02,P013,3,999,2026-09-21T00:00:00
E04183,2026-09-04,S02,P014,3,1999,2026-09-21T00:00:00
E04184,2026-09-05,S02,P015,3,1999,2026-09-21T00:00:00
E04185,2026-09-06,S02,P001,2,999,2026-09-21T00:00:00
E04186,2026-09-07,S02,P002,5,1999,2026-09-21T00:00:00
E04187,2026-09-08,S02,P003,1,1999,2026-09-21T00:00:00
E04188,2026-09-09,S02,P004,3,1999,2026-09-21T00:00:00
E04189,2026-09-10,S02,P005,4,4999,2026-09-21T00:00:00
E04190,2026-09-11,S02,P006,5,549,2026-09-21T00:00:00
E04191,2026-09-12,S02,P007,4,999,2026-09-21T00:00:00
E04192,2026-09-13,S02,P008,4,999,2026-09-21T00:00:00
E04193,2026-09-14,S02,P009,2,999,2026-09-21T00:00:00
E04194,2026-09-15,S02,P010,4,999,2026-09-21T00:00:00
E04195,2026-09-16,S02,P011,5,4999,2026-09-21T00:00:00
E04196,2026-09-17,S02,P012,4,1999,2026-09-21T00:00:00
E04197,2026-09-18,S02,P013,1,1999,2026-09-21T00:00:00
E04198,2026-09-19,S02,P014,2,4999,2026-09-21T00:00:00
E04199,2026-09-20,S02,P015,4,999,2026-09-21T00:00:00
E04200,2026-09-01,S03,P001,4,4999,2026-09-21T00:00:00
E04201,2026-09-02,S03,P002,5,549,2026-09-21T00:00:00
E04202,2026-09-03,S03,P003,3,999,2026-09-21T00:00:00
E04203,2026-09-04,S03,P004,5,999,2026-09-21T00:00:00
E04204,2026-09-05,S03,P005,3,549,2026-09-21T00:00:00
E04205,2026-09-06,S03,P006,4,1999,2026-09-21T00:00:00
E04206,2026-09-07,S03,P007,3,999,2026-09-21T00:00:00
E04207,2026-09-08,S03,P008,4,4999,2026-09-21T00:00:00
E04208,2026-09-09,S03,P009,4,1999,2026-09-21T00:00:00
E04209,2026-09-10,S03,P010,3,549,2026-09-21T00:00:00
E04210,2026-09-11,S03,P011,5,549,2026-09-21T00:00:00
E04211,2026-09-12,S03,P012,2,999,2026-09-21T00:00:00
E04212,2026-09-13,S03,P013,3,4999,2026-09-21T00:00:00
E04213,2026-09-14,S03,P014,4,999,2026-09-21T00:00:00
E04214,2026-09-15,S03,P015,4,549,2026-09-21T00:00:00
E04215,2026-09-16,S03,P001,5,4999,2026-09-21T00:00:00
E04216,2026-09-17,S03,P002,2,4999,2026-09-21T00:00:00
E04217,2026-09-18,S03,P003,1,1999,2026-09-21T00:00:00
E04218,2026-09-19,S03,P004,5,4999,2026-09-21T00:00:00
E04219,2026-09-20,S03,P005,3,549,2026-09-21T00:00:00
E04220,2026-09-01,S04,P006,2,549,2026-09-21T00:00:00
E04221,2026-09-02,S04,P007,5,999,2026-09-21T00:00:00
E04222,2026-09-03,S04,P008,1,4999,2026-09-21T00:00:00
E04223,2026-09-04,S04,P009,1,999,2026-09-21T00:00:00
E04224,2026-09-05,S04,P010,2,549,2026-09-21T00:00:00
E04225,2026-09-06,S04,P011,4,1999,2026-09-21T00:00:00
E04226,2026-09-07,S04,P012,2,999,2026-09-21T00:00:00
E04227,2026-09-08,S04,P013,3,549,2026-09-21T00:00:00
E04228,2026-09-09,S04,P014,4,549,2026-09-21T00:00:00
E04229,2026-09-10,S04,P015,3,549,2026-09-21T00:00:00
E04230,2026-09-11,S04,P001,2,1999,2026-09-21T00:00:00
E04231,2026-09-12,S04,P002,4,4999,2026-09-21T00:00:00
E04232,2026-09-13,S04,P003,2,549,2026-09-21T00:00:00
E04233,2026-09-14,S04,P004,2,4999,2026-09-21T00:00:00
E04234,2026-09-15,S04,P005,4,549,2026-09-21T00:00:00
E04235,2026-09-16,S04,P006,4,999,2026-09-21T00:00:00
E04236,2026-09-17,S04,P007,2,999,2026-09-21T00:00:00
E04237,2026-09-18,S04,P008,3,4999,2026-09-21T00:00:00
E04238,2026-09-19,S04,P009,4,999,2026-09-21T00:00:00
E04239,2026-09-20,S04,P010,5,1999,2026-09-21T00:00:00
E04240,2026-09-01,S01,P011,5,999,2026-09-21T00:00:00
E04241,2026-09-02,S01,P012,5,4999,2026-09-21T00:00:00
E04242,2026-09-03,S01,P013,3,999,2026-09-21T00:00:00
E04243,2026-09-04,S01,P014,1,999,2026-09-21T00:00:00
E04244,2026-09-05,S01,P015,4,549,2026-09-21T00:00:00
E04245,2026-09-06,S01,P001,4,999,2026-09-21T00:00:00
E04246,2026-09-07,S01,P002,5,1999,2026-09-21T00:00:00
E04247,2026-09-08,S01,P003,5,4999,2026-09-21T00:00:00
E04248,2026-09-09,S01,P004,4,4999,2026-09-21T00:00:00
E04249,2026-09-10,S01,P005,5,549,2026-09-21T00:00:00
E04250,2026-09-11,S01,P006,1,1999,2026-09-21T00:00:00
E04251,2026-09-12,S01,P007,4,1999,2026-09-21T00:00:00
E04252,2026-09-13,S01,P008,3,4999,2026-09-21T00:00:00
E04253,2026-09-14,S01,P009,5,999,2026-09-21T00:00:00
E04254,2026-09-15,S01,P010,4,999,2026-09-21T00:00:00
E04255,2026-09-16,S01,P011,2,4999,2026-09-21T00:00:00
E04256,2026-09-17,S01,P012,4,4999,2026-09-21T00:00:00
E04257,2026-09-18,S01,P013,2,549,2026-09-21T00:00:00
E04258,2026-09-19,S01,P014,4,549,2026-09-21T00:00:00
E04259,2026-09-20,S01,P015,2,999,2026-09-21T00:00:00
E04260,2026-09-01,S02,P001,3,1999,2026-09-21T00:00:00
E04261,2026-09-02,S02,P002,1,999,2026-09-21T00:00:00
E04262,2026-09-03,S02,P003,4,4999,2026-09-21T00:00:00
E04263,2026-09-04,S02,P004,5,549,2026-09-21T00:00:00
E04264,2026-09-05,S02,P005,3,549,2026-09-21T00:00:00
E04265,2026-09-06,S02,P006,1,1999,2026-09-21T00:00:00
E04266,2026-09-07,S02,P007,4,4999,2026-09-21T00:00:00
E04267,2026-09-08,S02,P008,2,1999,2026-09-21T00:00:00
E04268,2026-09-09,S02,P009,2,549,2026-09-21T00:00:00
E04269,2026-09-10,S02,P010,4,549,2026-09-21T00:00:00
E04270,2026-09-11,S02,P011,1,4999,2026-09-21T00:00:00
E04271,2026-09-12,S02,P012,4,1999,2026-09-21T00:00:00
E04272,2026-09-13,S02,P013,4,999,2026-09-21T00:00:00
E04273,2026-09-14,S02,P014,4,549,2026-09-21T00:00:00
E04274,2026-09-15,S02,P015,1,1999,2026-09-21T00:00:00
E04275,2026-09-16,S02,P001,1,999,2026-09-21T00:00:00
E04276,2026-09-17,S02,P002,3,4999,2026-09-21T00:00:00
E04277,2026-09-18,S02,P003,4,4999,2026-09-21T00:00:00
E04278,2026-09-19,S02,P004,1,549,2026-09-21T00:00:00
E04279,2026-09-20,S02,P005,5,999,2026-09-21T00:00:00
E04280,2026-09-01,S03,P006,4,999,2026-09-21T00:00:00
E04281,2026-09-02,S03,P007,4,1999,2026-09-21T00:00:00
E04282,2026-09-03,S03,P008,2,999,2026-09-21T00:00:00
E04283,2026-09-04,S03,P009,1,549,2026-09-21T00:00:00
E04284,2026-09-05,S03,P010,2,1999,2026-09-21T00:00:00
E04285,2026-09-06,S03,P011,1,4999,2026-09-21T00:00:00
E04286,2026-09-07,S03,P012,2,549,2026-09-21T00:00:00
E04287,2026-09-08,S03,P013,1,1999,2026-09-21T00:00:00
E04288,2026-09-09,S03,P014,2,4999,2026-09-21T00:00:00
E04289,2026-09-10,S03,P015,3,999,2026-09-21T00:00:00
E04290,2026-09-11,S03,P001,2,549,2026-09-21T00:00:00
E04291,2026-09-12,S03,P002,5,999,2026-09-21T00:00:00
E04292,2026-09-13,S03,P003,4,549,2026-09-21T00:00:00
E04293,2026-09-14,S03,P004,5,549,2026-09-21T00:00:00
E04294,2026-09-15,S03,P005,4,1999,2026-09-21T00:00:00
E04295,2026-09-16,S03,P006,4,549,2026-09-21T00:00:00
E04296,2026-09-17,S03,P007,5,549,2026-09-21T00:00:00
E04297,2026-09-18,S03,P008,1,4999,2026-09-21T00:00:00
E04298,2026-09-19,S03,P009,2,999,2026-09-21T00:00:00
E04299,2026-09-20,S03,P010,3,999,2026-09-21T00:00:00
E04300,2026-09-01,S04,P011,2,549,2026-09-21T00:00:00
E04301,2026-09-02,S04,P012,1,4999,2026-09-21T00:00:00
E04302,2026-09-03,S04,P013,1,549,2026-09-21T00:00:00
E04303,2026-09-04,S04,P014,3,999,2026-09-21T00:00:00
E04304,2026-09-05,S04,P015,1,999,2026-09-21T00:00:00
E04305,2026-09-06,S04,P001,1,999,2026-09-21T00:00:00
E04306,2026-09-07,S04,P002,2,549,2026-09-21T00:00:00
E04307,2026-09-08,S04,P003,4,549,2026-09-21T00:00:00
E04308,2026-09-09,S04,P004,3,1999,2026-09-21T00:00:00
E04309,2026-09-10,S04,P005,5,999,2026-09-21T00:00:00
E04310,2026-09-11,S04,P006,5,999,2026-09-21T00:00:00
E04311,2026-09-12,S04,P007,5,4999,2026-09-21T00:00:00
E04312,2026-09-13,S04,P008,4,549,2026-09-21T00:00:00
E04313,2026-09-14,S04,P009,2,999,2026-09-21T00:00:00
E04314,2026-09-15,S04,P010,1,1999,2026-09-21T00:00:00
E04315,2026-09-16,S04,P011,3,999,2026-09-21T00:00:00
E04316,2026-09-17,S04,P012,1,4999,2026-09-21T00:00:00
E04317,2026-09-18,S04,P013,3,549,2026-09-21T00:00:00
E04318,2026-09-19,S04,P014,4,999,2026-09-21T00:00:00
E04319,2026-09-20,S04,P015,4,999,2026-09-21T00:00:00
E04320,2026-09-01,S01,P001,1,1999,2026-09-21T00:00:00
E04321,2026-09-02,S01,P002,5,1999,2026-09-21T00:00:00
E04322,2026-09-03,S01,P003,1,549,2026-09-21T00:00:00
E04323,2026-09-04,S01,P004,2,4999,2026-09-21T00:00:00
E04324,2026-09-05,S01,P005,3,4999,2026-09-21T00:00:00
E04325,2026-09-06,S01,P006,1,999,2026-09-21T00:00:00
E04326,2026-09-07,S01,P007,3,549,2026-09-21T00:00:00
E04327,2026-09-08,S01,P008,5,1999,2026-09-21T00:00:00
E04328,2026-09-09,S01,P009,4,999,2026-09-21T00:00:00
E04329,2026-09-10,S01,P010,3,999,2026-09-21T00:00:00
E04330,2026-09-11,S01,P011,3,4999,2026-09-21T00:00:00
E04331,2026-09-12,S01,P012,1,1999,2026-09-21T00:00:00
E04332,2026-09-13,S01,P013,1,4999,2026-09-21T00:00:00
E04333,2026-09-14,S01,P014,4,999,2026-09-21T00:00:00
E04334,2026-09-15,S01,P015,5,549,2026-09-21T00:00:00
E04335,2026-09-16,S01,P001,2,549,2026-09-21T00:00:00
E04336,2026-09-17,S01,P002,5,549,2026-09-21T00:00:00
E04337,2026-09-18,S01,P003,3,999,2026-09-21T00:00:00
E04338,2026-09-19,S01,P004,4,999,2026-09-21T00:00:00
E04339,2026-09-20,S01,P005,5,549,2026-09-21T00:00:00
E04340,2026-09-01,S02,P006,1,999,2026-09-21T00:00:00
E04341,2026-09-02,S02,P007,3,4999,2026-09-21T00:00:00
E04342,2026-09-03,S02,P008,3,999,2026-09-21T00:00:00
E04343,2026-09-04,S02,P009,2,4999,2026-09-21T00:00:00
E04344,2026-09-05,S02,P010,2,549,2026-09-21T00:00:00
E04345,2026-09-06,S02,P011,2,4999,2026-09-21T00:00:00
E04346,2026-09-07,S02,P012,3,999,2026-09-21T00:00:00
E04347,2026-09-08,S02,P013,3,1999,2026-09-21T00:00:00
E04348,2026-09-09,S02,P014,1,4999,2026-09-21T00:00:00
E04349,2026-09-10,S02,P015,3,549,2026-09-21T00:00:00
E04350,2026-09-11,S02,P001,2,1999,2026-09-21T00:00:00
E04351,2026-09-12,S02,P002,3,999,2026-09-21T00:00:00
E04352,2026-09-13,S02,P003,2,549,2026-09-21T00:00:00
E04353,2026-09-14,S02,P004,2,999,2026-09-21T00:00:00
E04354,2026-09-15,S02,P005,5,4999,2026-09-21T00:00:00
E04355,2026-09-16,S02,P006,5,1999,2026-09-21T00:00:00
E04356,2026-09-17,S02,P007,2,4999,2026-09-21T00:00:00
E04357,2026-09-18,S02,P008,1,549,2026-09-21T00:00:00
E04358,2026-09-19,S02,P009,4,549,2026-09-21T00:00:00
E04359,2026-09-20,S02,P010,2,549,2026-09-21T00:00:00
E04360,2026-09-01,S03,P011,2,999,2026-09-21T00:00:00
E04361,2026-09-02,S03,P012,2,549,2026-09-21T00:00:00
E04362,2026-09-03,S03,P013,2,999,2026-09-21T00:00:00
E04363,2026-09-04,S03,P014,2,549,2026-09-21T00:00:00
E04364,2026-09-05,S03,P015,4,4999,2026-09-21T00:00:00
E04365,2026-09-06,S03,P001,3,999,2026-09-21T00:00:00
E04366,2026-09-07,S03,P002,2,999,2026-09-21T00:00:00
E04367,2026-09-08,S03,P003,4,999,2026-09-21T00:00:00
E04368,2026-09-09,S03,P004,5,999,2026-09-21T00:00:00
E04369,2026-09-10,S03,P005,3,1999,2026-09-21T00:00:00
E04370,2026-09-11,S03,P006,5,4999,2026-09-21T00:00:00
E04371,2026-09-12,S03,P007,2,1999,2026-09-21T00:00:00
E04372,2026-09-13,S03,P008,4,549,2026-09-21T00:00:00
E04373,2026-09-14,S03,P009,3,4999,2026-09-21T00:00:00
E04374,2026-09-15,S03,P010,4,999,2026-09-21T00:00:00
E04375,2026-09-16,S03,P011,4,4999,2026-09-21T00:00:00
E04376,2026-09-17,S03,P012,4,4999,2026-09-21T00:00:00
E04377,2026-09-18,S03,P013,2,4999,2026-09-21T00:00:00
E04378,2026-09-19,S03,P014,1,4999,2026-09-21T00:00:00
E04379,2026-09-20,S03,P015,4,549,2026-09-21T00:00:00
E04380,2026-09-01,S04,P001,3,999,2026-09-21T00:00:00
E04381,2026-09-02,S04,P002,5,999,2026-09-21T00:00:00
E04382,2026-09-03,S04,P003,3,4999,2026-09-21T00:00:00
E04383,2026-09-04,S04,P004,4,1999,2026-09-21T00:00:00
E04384,2026-09-05,S04,P005,4,1999,2026-09-21T00:00:00
E04385,2026-09-06,S04,P006,4,4999,2026-09-21T00:00:00
E04386,2026-09-07,S04,P007,1,1999,2026-09-21T00:00:00
E04387,2026-09-08,S04,P008,2,4999,2026-09-21T00:00:00
E04388,2026-09-09,S04,P009,2,999,2026-09-21T00:00:00
E04389,2026-09-10,S04,P010,2,549,2026-09-21T00:00:00
E04390,2026-09-11,S04,P011,1,1999,2026-09-21T00:00:00
E04391,2026-09-12,S04,P012,4,4999,2026-09-21T00:00:00
E04392,2026-09-13,S04,P013,4,4999,2026-09-21T00:00:00
E04393,2026-09-14,S04,P014,3,4999,2026-09-21T00:00:00
E04394,2026-09-15,S04,P015,4,1999,2026-09-21T00:00:00
E04395,2026-09-16,S04,P001,5,549,2026-09-21T00:00:00
E04396,2026-09-17,S04,P002,4,549,2026-09-21T00:00:00
E04397,2026-09-18,S04,P003,1,4999,2026-09-21T00:00:00
E04398,2026-09-19,S04,P004,5,999,2026-09-21T00:00:00
E04399,2026-09-20,S04,P005,2,4999,2026-09-21T00:00:00
E04400,2026-09-01,S01,P006,3,1999,2026-09-21T00:00:00
E04401,2026-09-02,S01,P007,5,4999,2026-09-21T00:00:00
E04402,2026-09-03,S01,P008,3,549,2026-09-21T00:00:00
E04403,2026-09-04,S01,P009,4,4999,2026-09-21T00:00:00
E04404,2026-09-05,S01,P010,2,999,2026-09-21T00:00:00
E04405,2026-09-06,S01,P011,4,549,2026-09-21T00:00:00
E04406,2026-09-07,S01,P012,3,549,2026-09-21T00:00:00
E04407,2026-09-08,S01,P013,2,1999,2026-09-21T00:00:00
E04408,2026-09-09,S01,P014,5,4999,2026-09-21T00:00:00
E04409,2026-09-10,S01,P015,2,1999,2026-09-21T00:00:00
E04410,2026-09-11,S01,P001,2,999,2026-09-21T00:00:00
E04411,2026-09-12,S01,P002,1,549,2026-09-21T00:00:00
E04412,2026-09-13,S01,P003,1,4999,2026-09-21T00:00:00
E04413,2026-09-14,S01,P004,4,549,2026-09-21T00:00:00
E04414,2026-09-15,S01,P005,5,999,2026-09-21T00:00:00
E04415,2026-09-16,S01,P006,4,999,2026-09-21T00:00:00
E04416,2026-09-17,S01,P007,4,1999,2026-09-21T00:00:00
E04417,2026-09-18,S01,P008,3,4999,2026-09-21T00:00:00
E04418,2026-09-19,S01,P009,5,1999,2026-09-21T00:00:00
E04419,2026-09-20,S01,P010,4,549,2026-09-21T00:00:00
E04420,2026-09-01,S02,P011,1,1999,2026-09-21T00:00:00
E04421,2026-09-02,S02,P012,2,1999,2026-09-21T00:00:00
E04422,2026-09-03,S02,P013,2,4999,2026-09-21T00:00:00
E04423,2026-09-04,S02,P014,3,549,2026-09-21T00:00:00
E04424,2026-09-05,S02,P015,2,4999,2026-09-21T00:00:00
E04425,2026-09-06,S02,P001,1,549,2026-09-21T00:00:00
E04426,2026-09-07,S02,P002,1,4999,2026-09-21T00:00:00
E04427,2026-09-08,S02,P003,5,4999,2026-09-21T00:00:00
E04428,2026-09-09,S02,P004,3,4999,2026-09-21T00:00:00
E04429,2026-09-10,S02,P005,2,999,2026-09-21T00:00:00
E04430,2026-09-11,S02,P006,3,999,2026-09-21T00:00:00
E04431,2026-09-12,S02,P007,2,999,2026-09-21T00:00:00
E04432,2026-09-13,S02,P008,4,999,2026-09-21T00:00:00
E04433,2026-09-14,S02,P009,5,549,2026-09-21T00:00:00
E04434,2026-09-15,S02,P010,4,999,2026-09-21T00:00:00
E04435,2026-09-16,S02,P011,2,999,2026-09-21T00:00:00
E04436,2026-09-17,S02,P012,1,999,2026-09-21T00:00:00
E04437,2026-09-18,S02,P013,2,1999,2026-09-21T00:00:00
E04438,2026-09-19,S02,P014,4,4999,2026-09-21T00:00:00
E04439,2026-09-20,S02,P015,5,549,2026-09-21T00:00:00
E04440,2026-09-01,S03,P001,2,549,2026-09-21T00:00:00
E04441,2026-09-02,S03,P002,3,549,2026-09-21T00:00:00
E04442,2026-09-03,S03,P003,4,549,2026-09-21T00:00:00
E04443,2026-09-04,S03,P004,3,549,2026-09-21T00:00:00
E04444,2026-09-05,S03,P005,3,549,2026-09-21T00:00:00
E04445,2026-09-06,S03,P006,5,999,2026-09-21T00:00:00
E04446,2026-09-07,S03,P007,4,4999,2026-09-21T00:00:00
E04447,2026-09-08,S03,P008,1,549,2026-09-21T00:00:00
E04448,2026-09-09,S03,P009,1,1999,2026-09-21T00:00:00
E04449,2026-09-10,S03,P010,1,549,2026-09-21T00:00:00
E04450,2026-09-11,S03,P011,1,999,2026-09-21T00:00:00
E04451,2026-09-12,S03,P012,5,549,2026-09-21T00:00:00
E04452,2026-09-13,S03,P013,4,1999,2026-09-21T00:00:00
E04453,2026-09-14,S03,P014,4,4999,2026-09-21T00:00:00
E04454,2026-09-15,S03,P015,3,4999,2026-09-21T00:00:00
E04455,2026-09-16,S03,P001,3,1999,2026-09-21T00:00:00
E04456,2026-09-17,S03,P002,3,1999,2026-09-21T00:00:00
E04457,2026-09-18,S03,P003,2,1999,2026-09-21T00:00:00
E04458,2026-09-19,S03,P004,4,4999,2026-09-21T00:00:00
E04459,2026-09-20,S03,P005,5,549,2026-09-21T00:00:00
E04460,2026-09-01,S04,P006,3,1999,2026-09-21T00:00:00
E04461,2026-09-02,S04,P007,1,549,2026-09-21T00:00:00
E04462,2026-09-03,S04,P008,4,4999,2026-09-21T00:00:00
E04463,2026-09-04,S04,P009,2,549,2026-09-21T00:00:00
E04464,2026-09-05,S04,P010,5,549,2026-09-21T00:00:00
E04465,2026-09-06,S04,P011,5,1999,2026-09-21T00:00:00
E04466,2026-09-07,S04,P012,2,1999,2026-09-21T00:00:00
E04467,2026-09-08,S04,P013,4,4999,2026-09-21T00:00:00
E04468,2026-09-09,S04,P014,5,4999,2026-09-21T00:00:00
E04469,2026-09-10,S04,P015,2,549,2026-09-21T00:00:00
E04470,2026-09-11,S04,P001,3,549,2026-09-21T00:00:00
E04471,2026-09-12,S04,P002,3,549,2026-09-21T00:00:00
E04472,2026-09-13,S04,P003,3,4999,2026-09-21T00:00:00
E04473,2026-09-14,S04,P004,2,4999,2026-09-21T00:00:00
E04474,2026-09-15,S04,P005,4,549,2026-09-21T00:00:00
E04475,2026-09-16,S04,P006,3,4999,2026-09-21T00:00:00
E04476,2026-09-17,S04,P007,4,549,2026-09-21T00:00:00
E04477,2026-09-18,S04,P008,4,1999,2026-09-21T00:00:00
E04478,2026-09-19,S04,P009,5,999,2026-09-21T00:00:00
E04479,2026-09-20,S04,P010,2,549,2026-09-21T00:00:00
E04480,2026-09-01,S01,P011,2,4999,2026-09-21T00:00:00
E04481,2026-09-02,S01,P012,1,1999,2026-09-21T00:00:00
E04482,2026-09-03,S01,P013,5,4999,2026-09-21T00:00:00
E04483,2026-09-04,S01,P014,2,4999,2026-09-21T00:00:00
E04484,2026-09-05,S01,P015,1,4999,2026-09-21T00:00:00
E04485,2026-09-06,S01,P001,5,999,2026-09-21T00:00:00
E04486,2026-09-07,S01,P002,2,999,2026-09-21T00:00:00
E04487,2026-09-08,S01,P003,2,549,2026-09-21T00:00:00
E04488,2026-09-09,S01,P004,1,4999,2026-09-21T00:00:00
E04489,2026-09-10,S01,P005,1,999,2026-09-21T00:00:00
E04490,2026-09-11,S01,P006,3,4999,2026-09-21T00:00:00
E04491,2026-09-12,S01,P007,3,999,2026-09-21T00:00:00
E04492,2026-09-13,S01,P008,3,4999,2026-09-21T00:00:00
E04493,2026-09-14,S01,P009,1,999,2026-09-21T00:00:00
E04494,2026-09-15,S01,P010,5,4999,2026-09-21T00:00:00
E04495,2026-09-16,S01,P011,1,1999,2026-09-21T00:00:00
E04496,2026-09-17,S01,P012,2,549,2026-09-21T00:00:00
E04497,2026-09-18,S01,P013,3,4999,2026-09-21T00:00:00
E04498,2026-09-19,S01,P014,4,4999,2026-09-21T00:00:00
E04499,2026-09-20,S01,P015,2,999,2026-09-21T00:00:00
E04500,2026-09-01,S02,P001,3,549,2026-09-21T00:00:00
E04501,2026-09-02,S02,P002,3,549,2026-09-21T00:00:00
E04502,2026-09-03,S02,P003,1,549,2026-09-21T00:00:00
E04503,2026-09-04,S02,P004,3,999,2026-09-21T00:00:00
E04504,2026-09-05,S02,P005,1,1999,2026-09-21T00:00:00
E04505,2026-09-06,S02,P006,2,1999,2026-09-21T00:00:00
E04506,2026-09-07,S02,P007,4,549,2026-09-21T00:00:00
E04507,2026-09-08,S02,P008,3,549,2026-09-21T00:00:00
E04508,2026-09-09,S02,P009,5,999,2026-09-21T00:00:00
E04509,2026-09-10,S02,P010,4,4999,2026-09-21T00:00:00
E04510,2026-09-11,S02,P011,3,1999,2026-09-21T00:00:00
E04511,2026-09-12,S02,P012,2,999,2026-09-21T00:00:00
E04512,2026-09-13,S02,P013,1,4999,2026-09-21T00:00:00
E04513,2026-09-14,S02,P014,1,4999,2026-09-21T00:00:00
E04514,2026-09-15,S02,P015,3,999,2026-09-21T00:00:00
E04515,2026-09-16,S02,P001,3,999,2026-09-21T00:00:00
E04516,2026-09-17,S02,P002,4,4999,2026-09-21T00:00:00
E04517,2026-09-18,S02,P003,2,1999,2026-09-21T00:00:00
E04518,2026-09-19,S02,P004,2,549,2026-09-21T00:00:00
E04519,2026-09-20,S02,P005,5,1999,2026-09-21T00:00:00
E04520,2026-09-01,S03,P006,3,549,2026-09-21T00:00:00
E04521,2026-09-02,S03,P007,3,4999,2026-09-21T00:00:00
E04522,2026-09-03,S03,P008,2,4999,2026-09-21T00:00:00
E04523,2026-09-04,S03,P009,3,4999,2026-09-21T00:00:00
E04524,2026-09-05,S03,P010,1,1999,2026-09-21T00:00:00
E04525,2026-09-06,S03,P011,2,999,2026-09-21T00:00:00
E04526,2026-09-07,S03,P012,2,549,2026-09-21T00:00:00
E04527,2026-09-08,S03,P013,2,4999,2026-09-21T00:00:00
E04528,2026-09-09,S03,P014,4,1999,2026-09-21T00:00:00
E04529,2026-09-10,S03,P015,2,549,2026-09-21T00:00:00
E04530,2026-09-11,S03,P001,5,4999,2026-09-21T00:00:00
E04531,2026-09-12,S03,P002,3,4999,2026-09-21T00:00:00
E04532,2026-09-13,S03,P003,4,1999,2026-09-21T00:00:00
E04533,2026-09-14,S03,P004,4,4999,2026-09-21T00:00:00
E04534,2026-09-15,S03,P005,1,1999,2026-09-21T00:00:00
E04535,2026-09-16,S03,P006,3,999,2026-09-21T00:00:00
E04536,2026-09-17,S03,P007,5,4999,2026-09-21T00:00:00
E04537,2026-09-18,S03,P008,1,999,2026-09-21T00:00:00
E04538,2026-09-19,S03,P009,3,549,2026-09-21T00:00:00
E04539,2026-09-20,S03,P010,3,4999,2026-09-21T00:00:00
E04540,2026-09-01,S04,P011,2,999,2026-09-21T00:00:00
E04541,2026-09-02,S04,P012,4,4999,2026-09-21T00:00:00
E04542,2026-09-03,S04,P013,3,999,2026-09-21T00:00:00
E04543,2026-09-04,S04,P014,2,999,2026-09-21T00:00:00
E04544,2026-09-05,S04,P015,2,549,2026-09-21T00:00:00
E04545,2026-09-06,S04,P001,3,549,2026-09-21T00:00:00
E04546,2026-09-07,S04,P002,2,4999,2026-09-21T00:00:00
E04547,2026-09-08,S04,P003,4,999,2026-09-21T00:00:00
E04548,2026-09-09,S04,P004,1,549,2026-09-21T00:00:00
E04549,2026-09-10,S04,P005,3,4999,2026-09-21T00:00:00
E04550,2026-09-11,S04,P006,2,549,2026-09-21T00:00:00
E04551,2026-09-12,S04,P007,1,1999,2026-09-21T00:00:00
E04552,2026-09-13,S04,P008,5,4999,2026-09-21T00:00:00
E04553,2026-09-14,S04,P009,2,4999,2026-09-21T00:00:00
E04554,2026-09-15,S04,P010,2,549,2026-09-21T00:00:00
E04555,2026-09-16,S04,P011,1,999,2026-09-21T00:00:00
E04556,2026-09-17,S04,P012,4,4999,2026-09-21T00:00:00
E04557,2026-09-18,S04,P013,3,999,2026-09-21T00:00:00
E04558,2026-09-19,S04,P014,4,549,2026-09-21T00:00:00
E04559,2026-09-20,S04,P015,4,4999,2026-09-21T00:00:00
E04560,2026-09-01,S01,P001,3,4999,2026-09-21T00:00:00
E04561,2026-09-02,S01,P002,3,549,2026-09-21T00:00:00
E04562,2026-09-03,S01,P003,1,549,2026-09-21T00:00:00
E04563,2026-09-04,S01,P004,1,549,2026-09-21T00:00:00
E04564,2026-09-05,S01,P005,4,999,2026-09-21T00:00:00
E04565,2026-09-06,S01,P006,1,4999,2026-09-21T00:00:00
E04566,2026-09-07,S01,P007,3,549,2026-09-21T00:00:00
E04567,2026-09-08,S01,P008,5,999,2026-09-21T00:00:00
E04568,2026-09-09,S01,P009,4,4999,2026-09-21T00:00:00
E04569,2026-09-10,S01,P010,4,1999,2026-09-21T00:00:00
E04570,2026-09-11,S01,P011,5,999,2026-09-21T00:00:00
E04571,2026-09-12,S01,P012,1,1999,2026-09-21T00:00:00
E04572,2026-09-13,S01,P013,1,999,2026-09-21T00:00:00
E04573,2026-09-14,S01,P014,4,549,2026-09-21T00:00:00
E04574,2026-09-15,S01,P015,4,4999,2026-09-21T00:00:00
E04575,2026-09-16,S01,P001,1,549,2026-09-21T00:00:00
E04576,2026-09-17,S01,P002,2,549,2026-09-21T00:00:00
E04577,2026-09-18,S01,P003,2,999,2026-09-21T00:00:00
E04578,2026-09-19,S01,P004,1,4999,2026-09-21T00:00:00
E04579,2026-09-20,S01,P005,3,549,2026-09-21T00:00:00
E04580,2026-09-01,S02,P006,1,999,2026-09-21T00:00:00
E04581,2026-09-02,S02,P007,5,999,2026-09-21T00:00:00
E04582,2026-09-03,S02,P008,2,549,2026-09-21T00:00:00
E04583,2026-09-04,S02,P009,5,1999,2026-09-21T00:00:00
E04584,2026-09-05,S02,P010,1,549,2026-09-21T00:00:00
E04585,2026-09-06,S02,P011,1,1999,2026-09-21T00:00:00
E04586,2026-09-07,S02,P012,3,999,2026-09-21T00:00:00
E04587,2026-09-08,S02,P013,4,549,2026-09-21T00:00:00
E04588,2026-09-09,S02,P014,2,1999,2026-09-21T00:00:00
E04589,2026-09-10,S02,P015,1,1999,2026-09-21T00:00:00
E04590,2026-09-11,S02,P001,5,4999,2026-09-21T00:00:00
E04591,2026-09-12,S02,P002,2,4999,2026-09-21T00:00:00
E04592,2026-09-13,S02,P003,3,1999,2026-09-21T00:00:00
E04593,2026-09-14,S02,P004,5,999,2026-09-21T00:00:00
E04594,2026-09-15,S02,P005,1,549,2026-09-21T00:00:00
E04595,2026-09-16,S02,P006,2,549,2026-09-21T00:00:00
E04596,2026-09-17,S02,P007,2,999,2026-09-21T00:00:00
E04597,2026-09-18,S02,P008,3,999,2026-09-21T00:00:00
E04598,2026-09-19,S02,P009,2,999,2026-09-21T00:00:00
E04599,2026-09-20,S02,P010,5,1999,2026-09-21T00:00:00
E04600,2026-09-01,S03,P011,3,999,2026-09-21T00:00:00
E04601,2026-09-02,S03,P012,5,4999,2026-09-21T00:00:00
E04602,2026-09-03,S03,P013,1,1999,2026-09-21T00:00:00
E04603,2026-09-04,S03,P014,3,4999,2026-09-21T00:00:00
E04604,2026-09-05,S03,P015,2,4999,2026-09-21T00:00:00
E04605,2026-09-06,S03,P001,4,549,2026-09-21T00:00:00
E04606,2026-09-07,S03,P002,3,4999,2026-09-21T00:00:00
E04607,2026-09-08,S03,P003,2,999,2026-09-21T00:00:00
E04608,2026-09-09,S03,P004,1,1999,2026-09-21T00:00:00
E04609,2026-09-10,S03,P005,2,1999,2026-09-21T00:00:00
E04610,2026-09-11,S03,P006,5,999,2026-09-21T00:00:00
E04611,2026-09-12,S03,P007,4,999,2026-09-21T00:00:00
E04612,2026-09-13,S03,P008,3,4999,2026-09-21T00:00:00
E04613,2026-09-14,S03,P009,4,549,2026-09-21T00:00:00
E04614,2026-09-15,S03,P010,5,999,2026-09-21T00:00:00
E04615,2026-09-16,S03,P011,1,1999,2026-09-21T00:00:00
E04616,2026-09-17,S03,P012,1,549,2026-09-21T00:00:00
E04617,2026-09-18,S03,P013,5,4999,2026-09-21T00:00:00
E04618,2026-09-19,S03,P014,1,1999,2026-09-21T00:00:00
E04619,2026-09-20,S03,P015,1,1999,2026-09-21T00:00:00
E04620,2026-09-01,S04,P001,3,1999,2026-09-21T00:00:00
E04621,2026-09-02,S04,P002,2,999,2026-09-21T00:00:00
E04622,2026-09-03,S04,P003,3,549,2026-09-21T00:00:00
E04623,2026-09-04,S04,P004,1,4999,2026-09-21T00:00:00
E04624,2026-09-05,S04,P005,2,4999,2026-09-21T00:00:00
E04625,2026-09-06,S04,P006,1,549,2026-09-21T00:00:00
E04626,2026-09-07,S04,P007,2,1999,2026-09-21T00:00:00
E04627,2026-09-08,S04,P008,5,4999,2026-09-21T00:00:00
E04628,2026-09-09,S04,P009,1,1999,2026-09-21T00:00:00
E04629,2026-09-10,S04,P010,5,1999,2026-09-21T00:00:00
E04630,2026-09-11,S04,P011,5,1999,2026-09-21T00:00:00
E04631,2026-09-12,S04,P012,5,549,2026-09-21T00:00:00
E04632,2026-09-13,S04,P013,1,999,2026-09-21T00:00:00
E04633,2026-09-14,S04,P014,3,4999,2026-09-21T00:00:00
E04634,2026-09-15,S04,P015,2,1999,2026-09-21T00:00:00
E04635,2026-09-16,S04,P001,5,4999,2026-09-21T00:00:00
E04636,2026-09-17,S04,P002,4,999,2026-09-21T00:00:00
E04637,2026-09-18,S04,P003,3,549,2026-09-21T00:00:00
E04638,2026-09-19,S04,P004,5,999,2026-09-21T00:00:00
E04639,2026-09-20,S04,P005,2,999,2026-09-21T00:00:00
E04640,2026-09-01,S01,P006,4,1999,2026-09-21T00:00:00
E04641,2026-09-02,S01,P007,1,1999,2026-09-21T00:00:00
E04642,2026-09-03,S01,P008,2,4999,2026-09-21T00:00:00
E04643,2026-09-04,S01,P009,4,999,2026-09-21T00:00:00
E04644,2026-09-05,S01,P010,4,1999,2026-09-21T00:00:00
E04645,2026-09-06,S01,P011,4,1999,2026-09-21T00:00:00
E04646,2026-09-07,S01,P012,3,4999,2026-09-21T00:00:00
E04647,2026-09-08,S01,P013,5,999,2026-09-21T00:00:00
E04648,2026-09-09,S01,P014,3,549,2026-09-21T00:00:00
E04649,2026-09-10,S01,P015,3,4999,2026-09-21T00:00:00
E04650,2026-09-11,S01,P001,3,549,2026-09-21T00:00:00
E04651,2026-09-12,S01,P002,1,549,2026-09-21T00:00:00
E04652,2026-09-13,S01,P003,2,549,2026-09-21T00:00:00
E04653,2026-09-14,S01,P004,2,549,2026-09-21T00:00:00
E04654,2026-09-15,S01,P005,1,1999,2026-09-21T00:00:00
E04655,2026-09-16,S01,P006,5,4999,2026-09-21T00:00:00
E04656,2026-09-17,S01,P007,1,4999,2026-09-21T00:00:00
E04657,2026-09-18,S01,P008,5,999,2026-09-21T00:00:00
E04658,2026-09-19,S01,P009,4,4999,2026-09-21T00:00:00
E04659,2026-09-20,S01,P010,5,549,2026-09-21T00:00:00
E04660,2026-09-01,S02,P011,4,549,2026-09-21T00:00:00
E04661,2026-09-02,S02,P012,5,999,2026-09-21T00:00:00
E04662,2026-09-03,S02,P013,1,4999,2026-09-21T00:00:00
E04663,2026-09-04,S02,P014,5,1999,2026-09-21T00:00:00
E04664,2026-09-05,S02,P015,2,549,2026-09-21T00:00:00
E04665,2026-09-06,S02,P001,5,4999,2026-09-21T00:00:00
E04666,2026-09-07,S02,P002,2,999,2026-09-21T00:00:00
E04667,2026-09-08,S02,P003,2,549,2026-09-21T00:00:00
E04668,2026-09-09,S02,P004,3,999,2026-09-21T00:00:00
E04669,2026-09-10,S02,P005,5,1999,2026-09-21T00:00:00
E04670,2026-09-11,S02,P006,1,4999,2026-09-21T00:00:00
E04671,2026-09-12,S02,P007,4,4999,2026-09-21T00:00:00
E04672,2026-09-13,S02,P008,2,1999,2026-09-21T00:00:00
E04673,2026-09-14,S02,P009,1,1999,2026-09-21T00:00:00
E04674,2026-09-15,S02,P010,2,549,2026-09-21T00:00:00
E04675,2026-09-16,S02,P011,3,1999,2026-09-21T00:00:00
E04676,2026-09-17,S02,P012,4,1999,2026-09-21T00:00:00
E04677,2026-09-18,S02,P013,3,999,2026-09-21T00:00:00
E04678,2026-09-19,S02,P014,1,4999,2026-09-21T00:00:00
E04679,2026-09-20,S02,P015,2,1999,2026-09-21T00:00:00
E04680,2026-09-01,S03,P001,5,549,2026-09-21T00:00:00
E04681,2026-09-02,S03,P002,4,4999,2026-09-21T00:00:00
E04682,2026-09-03,S03,P003,1,1999,2026-09-21T00:00:00
E04683,2026-09-04,S03,P004,1,4999,2026-09-21T00:00:00
E04684,2026-09-05,S03,P005,3,1999,2026-09-21T00:00:00
E04685,2026-09-06,S03,P006,3,549,2026-09-21T00:00:00
E04686,2026-09-07,S03,P007,1,1999,2026-09-21T00:00:00
E04687,2026-09-08,S03,P008,2,4999,2026-09-21T00:00:00
E04688,2026-09-09,S03,P009,3,549,2026-09-21T00:00:00
E04689,2026-09-10,S03,P010,1,4999,2026-09-21T00:00:00
E04690,2026-09-11,S03,P011,4,999,2026-09-21T00:00:00
E04691,2026-09-12,S03,P012,1,999,2026-09-21T00:00:00
E04692,2026-09-13,S03,P013,4,549,2026-09-21T00:00:00
E04693,2026-09-14,S03,P014,4,549,2026-09-21T00:00:00
E04694,2026-09-15,S03,P015,2,1999,2026-09-21T00:00:00
E04695,2026-09-16,S03,P001,2,4999,2026-09-21T00:00:00
E04696,2026-09-17,S03,P002,4,1999,2026-09-21T00:00:00
E04697,2026-09-18,S03,P003,3,1999,2026-09-21T00:00:00
E04698,2026-09-19,S03,P004,4,999,2026-09-21T00:00:00
E04699,2026-09-20,S03,P005,5,1999,2026-09-21T00:00:00
E04700,2026-09-01,S04,P006,1,4999,2026-09-21T00:00:00
E04701,2026-09-02,S04,P007,4,999,2026-09-21T00:00:00
E04702,2026-09-03,S04,P008,2,1999,2026-09-21T00:00:00
E04703,2026-09-04,S04,P009,4,549,2026-09-21T00:00:00
E04704,2026-09-05,S04,P010,3,999,2026-09-21T00:00:00
E04705,2026-09-06,S04,P011,1,999,2026-09-21T00:00:00
E04706,2026-09-07,S04,P012,3,549,2026-09-21T00:00:00
E04707,2026-09-08,S04,P013,2,4999,2026-09-21T00:00:00
E04708,2026-09-09,S04,P014,4,1999,2026-09-21T00:00:00
E04709,2026-09-10,S04,P015,1,999,2026-09-21T00:00:00
E04710,2026-09-11,S04,P001,2,4999,2026-09-21T00:00:00
E04711,2026-09-12,S04,P002,3,549,2026-09-21T00:00:00
E04712,2026-09-13,S04,P003,4,4999,2026-09-21T00:00:00
E04713,2026-09-14,S04,P004,5,4999,2026-09-21T00:00:00
E04714,2026-09-15,S04,P005,2,1999,2026-09-21T00:00:00
E04715,2026-09-16,S04,P006,4,4999,2026-09-21T00:00:00
E04716,2026-09-17,S04,P007,2,549,2026-09-21T00:00:00
E04717,2026-09-18,S04,P008,1,549,2026-09-21T00:00:00
E04718,2026-09-19,S04,P009,2,999,2026-09-21T00:00:00
E04719,2026-09-20,S04,P010,3,549,2026-09-21T00:00:00
E04720,2026-09-01,S01,P011,2,549,2026-09-21T00:00:00
E04721,2026-09-02,S01,P012,3,4999,2026-09-21T00:00:00
E04722,2026-09-03,S01,P013,5,549,2026-09-21T00:00:00
E04723,2026-09-04,S01,P014,4,4999,2026-09-21T00:00:00
E04724,2026-09-05,S01,P015,3,1999,2026-09-21T00:00:00
E04725,2026-09-06,S01,P001,4,549,2026-09-21T00:00:00
E04726,2026-09-07,S01,P002,4,999,2026-09-21T00:00:00
E04727,2026-09-08,S01,P003,5,999,2026-09-21T00:00:00
E04728,2026-09-09,S01,P004,5,999,2026-09-21T00:00:00
E04729,2026-09-10,S01,P005,2,1999,2026-09-21T00:00:00
E04730,2026-09-11,S01,P006,1,1999,2026-09-21T00:00:00
E04731,2026-09-12,S01,P007,2,4999,2026-09-21T00:00:00
E04732,2026-09-13,S01,P008,2,4999,2026-09-21T00:00:00
E04733,2026-09-14,S01,P009,1,999,2026-09-21T00:00:00
E04734,2026-09-15,S01,P010,2,999,2026-09-21T00:00:00
E04735,2026-09-16,S01,P011,2,549,2026-09-21T00:00:00
E04736,2026-09-17,S01,P012,2,4999,2026-09-21T00:00:00
E04737,2026-09-18,S01,P013,1,1999,2026-09-21T00:00:00
E04738,2026-09-19,S01,P014,2,999,2026-09-21T00:00:00
E04739,2026-09-20,S01,P015,4,549,2026-09-21T00:00:00
E04740,2026-09-01,S02,P001,5,999,2026-09-21T00:00:00
E04741,2026-09-02,S02,P002,1,549,2026-09-21T00:00:00
E04742,2026-09-03,S02,P003,4,4999,2026-09-21T00:00:00
E04743,2026-09-04,S02,P004,5,1999,2026-09-21T00:00:00
E04744,2026-09-05,S02,P005,2,999,2026-09-21T00:00:00
E04745,2026-09-06,S02,P006,3,4999,2026-09-21T00:00:00
E04746,2026-09-07,S02,P007,4,549,2026-09-21T00:00:00
E04747,2026-09-08,S02,P008,5,4999,2026-09-21T00:00:00
E04748,2026-09-09,S02,P009,1,1999,2026-09-21T00:00:00
E04749,2026-09-10,S02,P010,1,1999,2026-09-21T00:00:00
E04750,2026-09-11,S02,P011,3,1999,2026-09-21T00:00:00
E04751,2026-09-12,S02,P012,3,4999,2026-09-21T00:00:00
E04752,2026-09-13,S02,P013,2,1999,2026-09-21T00:00:00
E04753,2026-09-14,S02,P014,1,999,2026-09-21T00:00:00
E04754,2026-09-15,S02,P015,1,549,2026-09-21T00:00:00
E04755,2026-09-16,S02,P001,1,1999,2026-09-21T00:00:00
E04756,2026-09-17,S02,P002,2,1999,2026-09-21T00:00:00
E04757,2026-09-18,S02,P003,4,1999,2026-09-21T00:00:00
E04758,2026-09-19,S02,P004,5,549,2026-09-21T00:00:00
E04759,2026-09-20,S02,P005,4,999,2026-09-21T00:00:00
E04760,2026-09-01,S03,P006,3,4999,2026-09-21T00:00:00
E04761,2026-09-02,S03,P007,3,1999,2026-09-21T00:00:00
E04762,2026-09-03,S03,P008,3,549,2026-09-21T00:00:00
E04763,2026-09-04,S03,P009,1,549,2026-09-21T00:00:00
E04764,2026-09-05,S03,P010,5,999,2026-09-21T00:00:00
E04765,2026-09-06,S03,P011,3,1999,2026-09-21T00:00:00
E04766,2026-09-07,S03,P012,3,1999,2026-09-21T00:00:00
E04767,2026-09-08,S03,P013,2,1999,2026-09-21T00:00:00
E04768,2026-09-09,S03,P014,2,4999,2026-09-21T00:00:00
E04769,2026-09-10,S03,P015,1,549,2026-09-21T00:00:00
E04770,2026-09-11,S03,P001,2,549,2026-09-21T00:00:00
E04771,2026-09-12,S03,P002,1,999,2026-09-21T00:00:00
E04772,2026-09-13,S03,P003,2,4999,2026-09-21T00:00:00
E04773,2026-09-14,S03,P004,1,549,2026-09-21T00:00:00
E04774,2026-09-15,S03,P005,5,1999,2026-09-21T00:00:00
E04775,2026-09-16,S03,P006,3,4999,2026-09-21T00:00:00
E04776,2026-09-17,S03,P007,2,999,2026-09-21T00:00:00
E04777,2026-09-18,S03,P008,1,999,2026-09-21T00:00:00
E04778,2026-09-19,S03,P009,2,4999,2026-09-21T00:00:00
E04779,2026-09-20,S03,P010,5,1999,2026-09-21T00:00:00
E04780,2026-09-01,S04,P011,5,1999,2026-09-21T00:00:00
E04781,2026-09-02,S04,P012,3,4999,2026-09-21T00:00:00
E04782,2026-09-03,S04,P013,1,4999,2026-09-21T00:00:00
E04783,2026-09-04,S04,P014,1,4999,2026-09-21T00:00:00
E04784,2026-09-05,S04,P015,4,549,2026-09-21T00:00:00
E04785,2026-09-06,S04,P001,2,1999,2026-09-21T00:00:00
E04786,2026-09-07,S04,P002,2,1999,2026-09-21T00:00:00
E04787,2026-09-08,S04,P003,1,549,2026-09-21T00:00:00
E04788,2026-09-09,S04,P004,2,4999,2026-09-21T00:00:00
E04789,2026-09-10,S04,P005,4,549,2026-09-21T00:00:00
E04790,2026-09-11,S04,P006,2,4999,2026-09-21T00:00:00
E04791,2026-09-12,S04,P007,5,4999,2026-09-21T00:00:00
E04792,2026-09-13,S04,P008,5,4999,2026-09-21T00:00:00
E04793,2026-09-14,S04,P009,4,1999,2026-09-21T00:00:00
E04794,2026-09-15,S04,P010,2,999,2026-09-21T00:00:00
E04795,2026-09-16,S04,P011,1,999,2026-09-21T00:00:00
E04796,2026-09-17,S04,P012,5,999,2026-09-21T00:00:00
E04797,2026-09-18,S04,P013,5,549,2026-09-21T00:00:00
E04798,2026-09-19,S04,P014,5,4999,2026-09-21T00:00:00
E04799,2026-09-20,S04,P015,5,1999,2026-09-21T00:00:00
E04800,2026-09-01,S01,P001,3,999,2026-09-21T00:00:00
E04801,2026-09-02,S01,P002,3,1999,2026-09-21T00:00:00
E04802,2026-09-03,S01,P003,5,549,2026-09-21T00:00:00
E04803,2026-09-04,S01,P004,2,999,2026-09-21T00:00:00
E04804,2026-09-05,S01,P005,1,999,2026-09-21T00:00:00
E04805,2026-09-06,S01,P006,3,549,2026-09-21T00:00:00
E04806,2026-09-07,S01,P007,2,1999,2026-09-21T00:00:00
E04807,2026-09-08,S01,P008,2,1999,2026-09-21T00:00:00
E04808,2026-09-09,S01,P009,1,999,2026-09-21T00:00:00
E04809,2026-09-10,S01,P010,2,549,2026-09-21T00:00:00
E04810,2026-09-11,S01,P011,1,1999,2026-09-21T00:00:00
E04811,2026-09-12,S01,P012,5,1999,2026-09-21T00:00:00
E04812,2026-09-13,S01,P013,3,549,2026-09-21T00:00:00
E04813,2026-09-14,S01,P014,5,1999,2026-09-21T00:00:00
E04814,2026-09-15,S01,P015,2,4999,2026-09-21T00:00:00
E04815,2026-09-16,S01,P001,5,1999,2026-09-21T00:00:00
E04816,2026-09-17,S01,P002,3,549,2026-09-21T00:00:00
E04817,2026-09-18,S01,P003,1,1999,2026-09-21T00:00:00
E04818,2026-09-19,S01,P004,2,1999,2026-09-21T00:00:00
E04819,2026-09-20,S01,P005,2,1999,2026-09-21T00:00:00
E04820,2026-09-01,S02,P006,1,549,2026-09-21T00:00:00
E04821,2026-09-02,S02,P007,4,1999,2026-09-21T00:00:00
E04822,2026-09-03,S02,P008,5,999,2026-09-21T00:00:00
E04823,2026-09-04,S02,P009,4,999,2026-09-21T00:00:00
E04824,2026-09-05,S02,P010,3,1999,2026-09-21T00:00:00
E04825,2026-09-06,S02,P011,2,4999,2026-09-21T00:00:00
E04826,2026-09-07,S02,P012,2,4999,2026-09-21T00:00:00
E04827,2026-09-08,S02,P013,2,4999,2026-09-21T00:00:00
E04828,2026-09-09,S02,P014,3,999,2026-09-21T00:00:00
E04829,2026-09-10,S02,P015,4,549,2026-09-21T00:00:00
E04830,2026-09-11,S02,P001,4,999,2026-09-21T00:00:00
E04831,2026-09-12,S02,P002,4,999,2026-09-21T00:00:00
E04832,2026-09-13,S02,P003,2,999,2026-09-21T00:00:00
E04833,2026-09-14,S02,P004,5,4999,2026-09-21T00:00:00
E04834,2026-09-15,S02,P005,2,1999,2026-09-21T00:00:00
E04835,2026-09-16,S02,P006,1,1999,2026-09-21T00:00:00
E04836,2026-09-17,S02,P007,2,999,2026-09-21T00:00:00
E04837,2026-09-18,S02,P008,4,999,2026-09-21T00:00:00
E04838,2026-09-19,S02,P009,1,999,2026-09-21T00:00:00
E04839,2026-09-20,S02,P010,1,4999,2026-09-21T00:00:00
E04840,2026-09-01,S03,P011,2,4999,2026-09-21T00:00:00
E04841,2026-09-02,S03,P012,4,549,2026-09-21T00:00:00
E04842,2026-09-03,S03,P013,5,999,2026-09-21T00:00:00
E04843,2026-09-04,S03,P014,1,549,2026-09-21T00:00:00
E04844,2026-09-05,S03,P015,4,4999,2026-09-21T00:00:00
E04845,2026-09-06,S03,P001,1,549,2026-09-21T00:00:00
E04846,2026-09-07,S03,P002,1,549,2026-09-21T00:00:00
E04847,2026-09-08,S03,P003,2,999,2026-09-21T00:00:00
E04848,2026-09-09,S03,P004,1,1999,2026-09-21T00:00:00
E04849,2026-09-10,S03,P005,2,549,2026-09-21T00:00:00
E04850,2026-09-11,S03,P006,1,549,2026-09-21T00:00:00
E04851,2026-09-12,S03,P007,5,1999,2026-09-21T00:00:00
E04852,2026-09-13,S03,P008,1,999,2026-09-21T00:00:00
E04853,2026-09-14,S03,P009,2,4999,2026-09-21T00:00:00
E04854,2026-09-15,S03,P010,5,4999,2026-09-21T00:00:00
E04855,2026-09-16,S03,P011,2,1999,2026-09-21T00:00:00
E04856,2026-09-17,S03,P012,3,4999,2026-09-21T00:00:00
E04857,2026-09-18,S03,P013,2,999,2026-09-21T00:00:00
E04858,2026-09-19,S03,P014,1,1999,2026-09-21T00:00:00
E04859,2026-09-20,S03,P015,5,549,2026-09-21T00:00:00
E04860,2026-09-01,S04,P001,1,549,2026-09-21T00:00:00
E04861,2026-09-02,S04,P002,1,1999,2026-09-21T00:00:00
E04862,2026-09-03,S04,P003,1,4999,2026-09-21T00:00:00
E04863,2026-09-04,S04,P004,2,549,2026-09-21T00:00:00
E04864,2026-09-05,S04,P005,2,549,2026-09-21T00:00:00
E04865,2026-09-06,S04,P006,2,4999,2026-09-21T00:00:00
E04866,2026-09-07,S04,P007,4,999,2026-09-21T00:00:00
E04867,2026-09-08,S04,P008,3,1999,2026-09-21T00:00:00
E04868,2026-09-09,S04,P009,2,4999,2026-09-21T00:00:00
E04869,2026-09-10,S04,P010,1,4999,2026-09-21T00:00:00
E04870,2026-09-11,S04,P011,2,549,2026-09-21T00:00:00
E04871,2026-09-12,S04,P012,2,549,2026-09-21T00:00:00
E04872,2026-09-13,S04,P013,3,1999,2026-09-21T00:00:00
E04873,2026-09-14,S04,P014,1,1999,2026-09-21T00:00:00
E04874,2026-09-15,S04,P015,1,1999,2026-09-21T00:00:00
E04875,2026-09-16,S04,P001,1,549,2026-09-21T00:00:00
E04876,2026-09-17,S04,P002,5,999,2026-09-21T00:00:00
E04877,2026-09-18,S04,P003,2,4999,2026-09-21T00:00:00
E04878,2026-09-19,S04,P004,5,1999,2026-09-21T00:00:00
E04879,2026-09-20,S04,P005,5,999,2026-09-21T00:00:00
E04880,2026-09-01,S01,P006,4,999,2026-09-21T00:00:00
E04881,2026-09-02,S01,P007,3,1999,2026-09-21T00:00:00
E04882,2026-09-03,S01,P008,3,549,2026-09-21T00:00:00
E04883,2026-09-04,S01,P009,3,4999,2026-09-21T00:00:00
E04884,2026-09-05,S01,P010,3,1999,2026-09-21T00:00:00
E04885,2026-09-06,S01,P011,1,549,2026-09-21T00:00:00
E04886,2026-09-07,S01,P012,2,999,2026-09-21T00:00:00
E04887,2026-09-08,S01,P013,3,999,2026-09-21T00:00:00
E04888,2026-09-09,S01,P014,4,4999,2026-09-21T00:00:00
E04889,2026-09-10,S01,P015,4,549,2026-09-21T00:00:00
E04890,2026-09-11,S01,P001,1,4999,2026-09-21T00:00:00
E04891,2026-09-12,S01,P002,3,999,2026-09-21T00:00:00
E04892,2026-09-13,S01,P003,1,1999,2026-09-21T00:00:00
E04893,2026-09-14,S01,P004,2,999,2026-09-21T00:00:00
E04894,2026-09-15,S01,P005,4,1999,2026-09-21T00:00:00
E04895,2026-09-16,S01,P006,3,4999,2026-09-21T00:00:00
E04896,2026-09-17,S01,P007,4,4999,2026-09-21T00:00:00
E04897,2026-09-18,S01,P008,4,1999,2026-09-21T00:00:00
E04898,2026-09-19,S01,P009,2,999,2026-09-21T00:00:00
E04899,2026-09-20,S01,P010,4,4999,2026-09-21T00:00:00
E04900,2026-09-01,S02,P011,5,4999,2026-09-21T00:00:00
E04901,2026-09-02,S02,P012,5,4999,2026-09-21T00:00:00
E04902,2026-09-03,S02,P013,5,999,2026-09-21T00:00:00
E04903,2026-09-04,S02,P014,4,549,2026-09-21T00:00:00
E04904,2026-09-05,S02,P015,5,4999,2026-09-21T00:00:00
E04905,2026-09-06,S02,P001,5,999,2026-09-21T00:00:00
E04906,2026-09-07,S02,P002,1,999,2026-09-21T00:00:00
E04907,2026-09-08,S02,P003,3,549,2026-09-21T00:00:00
E04908,2026-09-09,S02,P004,2,549,2026-09-21T00:00:00
E04909,2026-09-10,S02,P005,3,4999,2026-09-21T00:00:00
E04910,2026-09-11,S02,P006,2,549,2026-09-21T00:00:00
E04911,2026-09-12,S02,P007,1,1999,2026-09-21T00:00:00
E04912,2026-09-13,S02,P008,3,999,2026-09-21T00:00:00
E04913,2026-09-14,S02,P009,3,4999,2026-09-21T00:00:00
E04914,2026-09-15,S02,P010,2,4999,2026-09-21T00:00:00
E04915,2026-09-16,S02,P011,2,999,2026-09-21T00:00:00
E04916,2026-09-17,S02,P012,2,549,2026-09-21T00:00:00
E04917,2026-09-18,S02,P013,2,549,2026-09-21T00:00:00
E04918,2026-09-19,S02,P014,2,4999,2026-09-21T00:00:00
E04919,2026-09-20,S02,P015,1,4999,2026-09-21T00:00:00
E04920,2026-09-01,S03,P001,3,549,2026-09-21T00:00:00
E04921,2026-09-02,S03,P002,1,549,2026-09-21T00:00:00
E04922,2026-09-03,S03,P003,4,999,2026-09-21T00:00:00
E04923,2026-09-04,S03,P004,1,999,2026-09-21T00:00:00
E04924,2026-09-05,S03,P005,3,999,2026-09-21T00:00:00
E04925,2026-09-06,S03,P006,1,999,2026-09-21T00:00:00
E04926,2026-09-07,S03,P007,1,549,2026-09-21T00:00:00
E04927,2026-09-08,S03,P008,5,4999,2026-09-21T00:00:00
E04928,2026-09-09,S03,P009,2,999,2026-09-21T00:00:00
E04929,2026-09-10,S03,P010,4,999,2026-09-21T00:00:00
E04930,2026-09-11,S03,P011,5,1999,2026-09-21T00:00:00
E04931,2026-09-12,S03,P012,4,4999,2026-09-21T00:00:00
E04932,2026-09-13,S03,P013,3,4999,2026-09-21T00:00:00
E04933,2026-09-14,S03,P014,1,1999,2026-09-21T00:00:00
E04934,2026-09-15,S03,P015,1,999,2026-09-21T00:00:00
E04935,2026-09-16,S03,P001,1,549,2026-09-21T00:00:00
E04936,2026-09-17,S03,P002,5,999,2026-09-21T00:00:00
E04937,2026-09-18,S03,P003,5,999,2026-09-21T00:00:00
E04938,2026-09-19,S03,P004,1,4999,2026-09-21T00:00:00
E04939,2026-09-20,S03,P005,4,4999,2026-09-21T00:00:00
E04940,2026-09-01,S04,P006,5,1999,2026-09-21T00:00:00
E04941,2026-09-02,S04,P007,5,1999,2026-09-21T00:00:00
E04942,2026-09-03,S04,P008,2,4999,2026-09-21T00:00:00
E04943,2026-09-04,S04,P009,2,1999,2026-09-21T00:00:00
E04944,2026-09-05,S04,P010,1,4999,2026-09-21T00:00:00
E04945,2026-09-06,S04,P011,2,999,2026-09-21T00:00:00
E04946,2026-09-07,S04,P012,4,549,2026-09-21T00:00:00
E04947,2026-09-08,S04,P013,2,4999,2026-09-21T00:00:00
E04948,2026-09-09,S04,P014,2,549,2026-09-21T00:00:00
E04949,2026-09-10,S04,P015,4,4999,2026-09-21T00:00:00
E04950,2026-09-11,S04,P001,3,4999,2026-09-21T00:00:00
E04951,2026-09-12,S04,P002,4,999,2026-09-21T00:00:00
E04952,2026-09-13,S04,P003,1,1999,2026-09-21T00:00:00
E04953,2026-09-14,S04,P004,4,999,2026-09-21T00:00:00
E04954,2026-09-15,S04,P005,3,549,2026-09-21T00:00:00
E04955,2026-09-16,S04,P006,1,549,2026-09-21T00:00:00
E04956,2026-09-17,S04,P007,3,1999,2026-09-21T00:00:00
E04957,2026-09-18,S04,P008,1,999,2026-09-21T00:00:00
E04958,2026-09-19,S04,P009,3,999,2026-09-21T00:00:00
E04959,2026-09-20,S04,P010,5,549,2026-09-21T00:00:00
E04960,2026-09-01,S01,P011,1,999,2026-09-21T00:00:00
E04961,2026-09-02,S01,P012,5,549,2026-09-21T00:00:00
E04962,2026-09-03,S01,P013,3,999,2026-09-21T00:00:00
E04963,2026-09-04,S01,P014,5,999,2026-09-21T00:00:00
E04964,2026-09-05,S01,P015,1,999,2026-09-21T00:00:00
E04965,2026-09-06,S01,P001,3,549,2026-09-21T00:00:00
E04966,2026-09-07,S01,P002,5,549,2026-09-21T00:00:00
E04967,2026-09-08,S01,P003,5,4999,2026-09-21T00:00:00
E04968,2026-09-09,S01,P004,1,549,2026-09-21T00:00:00
E04969,2026-09-10,S01,P005,3,549,2026-09-21T00:00:00
E04970,2026-09-11,S01,P006,3,549,2026-09-21T00:00:00
E04971,2026-09-12,S01,P007,3,1999,2026-09-21T00:00:00
E04972,2026-09-13,S01,P008,4,999,2026-09-21T00:00:00
E04973,2026-09-14,S01,P009,3,4999,2026-09-21T00:00:00
E04974,2026-09-15,S01,P010,3,999,2026-09-21T00:00:00
E04975,2026-09-16,S01,P011,1,1999,2026-09-21T00:00:00
E04976,2026-09-17,S01,P012,4,549,2026-09-21T00:00:00
E04977,2026-09-18,S01,P013,5,999,2026-09-21T00:00:00
E04978,2026-09-19,S01,P014,1,4999,2026-09-21T00:00:00
E04979,2026-09-20,S01,P015,4,549,2026-09-21T00:00:00
E04980,2026-09-01,S02,P001,3,999,2026-09-21T00:00:00
E04981,2026-09-02,S02,P002,2,4999,2026-09-21T00:00:00
E04982,2026-09-03,S02,P003,1,549,2026-09-21T00:00:00
E04983,2026-09-04,S02,P004,2,999,2026-09-21T00:00:00
E04984,2026-09-05,S02,P005,2,999,2026-09-21T00:00:00
E04985,2026-09-06,S02,P006,5,1999,2026-09-21T00:00:00
E04986,2026-09-07,S02,P007,4,999,2026-09-21T00:00:00
E04987,2026-09-08,S02,P008,3,1999,2026-09-21T00:00:00
E04988,2026-09-09,S02,P009,3,4999,2026-09-21T00:00:00
E04989,2026-09-10,S02,P010,1,4999,2026-09-21T00:00:00
E04990,2026-09-11,S02,P011,2,999,2026-09-21T00:00:00
E04991,2026-09-12,S02,P012,5,549,2026-09-21T00:00:00
E04992,2026-09-13,S02,P013,2,4999,2026-09-21T00:00:00
E04993,2026-09-14,S02,P014,1,549,2026-09-21T00:00:00
E04994,2026-09-15,S02,P015,2,1999,2026-09-21T00:00:00
E04995,2026-09-16,S02,P001,5,549,2026-09-21T00:00:00
E04996,2026-09-17,S02,P002,4,549,2026-09-21T00:00:00
E04997,2026-09-18,S02,P003,4,1999,2026-09-21T00:00:00
E04998,2026-09-19,S02,P004,2,1999,2026-09-21T00:00:00
E04999,2026-09-20,S02,P005,2,549,2026-09-21T00:00:00
E05000,2026-09-01,S03,P006,3,1999,2026-09-21T00:00:00
E00001,2026-09-02,S01,P002,1,549,2026-09-21T00:00:00
E00002,2026-09-03,S01,P003,3,999,2026-09-21T00:00:00
E00003,2026-09-04,S01,P004,2,999,2026-09-21T00:00:00
E00004,2026-09-05,S01,P005,1,549,2026-09-21T00:00:00
E00005,2026-09-06,S01,P006,5,4999,2026-09-21T00:00:00
E00006,2026-09-07,S01,P007,1,549,2026-09-21T00:00:00
E00007,2026-09-08,S01,P008,1,999,2026-09-21T00:00:00
E00008,2026-09-09,S01,P009,2,549,2026-09-21T00:00:00
E00009,2026-09-10,S01,P010,5,999,2026-09-21T00:00:00
E00010,2026-09-11,S01,P011,5,4999,2026-09-21T00:00:00
E00011,2026-09-12,S01,P012,2,4999,2026-09-21T00:00:00
E00012,2026-09-13,S01,P013,5,1999,2026-09-21T00:00:00
E00013,2026-09-14,S01,P014,1,999,2026-09-21T00:00:00
E00014,2026-09-15,S01,P015,4,1999,2026-09-21T00:00:00
E00015,2026-09-16,S01,P001,3,999,2026-09-21T00:00:00
E00016,2026-09-17,S01,P002,2,1999,2026-09-21T00:00:00
E00017,2026-09-18,S01,P003,1,549,2026-09-21T00:00:00
E00018,2026-09-19,S01,P004,4,549,2026-09-21T00:00:00
E00019,2026-09-20,S01,P005,3,1999,2026-09-21T00:00:00
E00020,2026-09-01,S02,P006,5,1999,2026-09-21T00:00:00
E00021,2026-09-02,S02,P007,1,4999,2026-09-21T00:00:00
E00022,2026-09-03,S02,P008,5,549,2026-09-21T00:00:00
E00023,2026-09-04,S02,P009,4,549,2026-09-21T00:00:00
E00024,2026-09-05,S02,P010,5,1999,2026-09-21T00:00:00
E00025,2026-09-06,S02,P011,5,1999,2026-09-21T00:00:00
E00026,2026-09-07,S02,P012,5,999,2026-09-21T00:00:00
E00027,2026-09-08,S02,P013,1,549,2026-09-21T00:00:00
E00028,2026-09-09,S02,P014,2,1999,2026-09-21T00:00:00
E00029,2026-09-10,S02,P015,1,999,2026-09-21T00:00:00
E00030,2026-09-11,S02,P001,1,4999,2026-09-21T00:00:00
E00031,2026-09-12,S02,P002,3,4999,2026-09-21T00:00:00
E00032,2026-09-13,S02,P003,3,999,2026-09-21T00:00:00
E00033,2026-09-14,S02,P004,3,1999,2026-09-21T00:00:00
E00034,2026-09-15,S02,P005,2,1999,2026-09-21T00:00:00
E00035,2026-09-16,S02,P006,1,999,2026-09-21T00:00:00
E00036,2026-09-17,S02,P007,5,999,2026-09-21T00:00:00
E00037,2026-09-18,S02,P008,2,4999,2026-09-21T00:00:00
E00038,2026-09-19,S02,P009,4,1999,2026-09-21T00:00:00
E00039,2026-09-20,S02,P010,5,999,2026-09-21T00:00:00
E00040,2026-09-01,S03,P011,3,549,2026-09-21T00:00:00
E00041,2026-09-02,S03,P012,2,549,2026-09-21T00:00:00
E00042,2026-09-03,S03,P013,3,4999,2026-09-21T00:00:00
E00043,2026-09-04,S03,P014,3,549,2026-09-21T00:00:00
E00044,2026-09-05,S03,P015,2,1999,2026-09-21T00:00:00
E00045,2026-09-06,S03,P001,2,4999,2026-09-21T00:00:00
E00046,2026-09-07,S03,P002,4,4999,2026-09-21T00:00:00
E00047,2026-09-08,S03,P003,2,1999,2026-09-21T00:00:00
E00048,2026-09-09,S03,P004,2,999,2026-09-21T00:00:00
E00049,2026-09-10,S03,P005,5,1999,2026-09-21T00:00:00
E00050,2026-09-11,S03,P006,5,4999,2026-09-21T00:00:00
E00051,2026-09-12,S03,P007,5,4999,2026-09-21T00:00:00
E00052,2026-09-13,S03,P008,3,999,2026-09-21T00:00:00
E00053,2026-09-14,S03,P009,2,4999,2026-09-21T00:00:00
E00054,2026-09-15,S03,P010,1,549,2026-09-21T00:00:00
E00055,2026-09-16,S03,P011,1,999,2026-09-21T00:00:00
E00056,2026-09-17,S03,P012,2,4999,2026-09-21T00:00:00
E00057,2026-09-18,S03,P013,5,549,2026-09-21T00:00:00
E00058,2026-09-19,S03,P014,4,4999,2026-09-21T00:00:00
E00059,2026-09-20,S03,P015,5,4999,2026-09-21T00:00:00
E00060,2026-09-01,S04,P001,5,1999,2026-09-21T00:00:00
E00061,2026-09-02,S04,P002,5,549,2026-09-21T00:00:00
E00062,2026-09-03,S04,P003,1,1999,2026-09-21T00:00:00
E00063,2026-09-04,S04,P004,3,549,2026-09-21T00:00:00
E00064,2026-09-05,S04,P005,3,4999,2026-09-21T00:00:00
E00065,2026-09-06,S04,P006,2,4999,2026-09-21T00:00:00
E00066,2026-09-07,S04,P007,1,1999,2026-09-21T00:00:00
E00067,2026-09-08,S04,P008,5,999,2026-09-21T00:00:00
E00068,2026-09-09,S04,P009,5,549,2026-09-21T00:00:00
E00069,2026-09-10,S04,P010,3,999,2026-09-21T00:00:00
E00070,2026-09-11,S04,P011,2,1999,2026-09-21T00:00:00
E00071,2026-09-12,S04,P012,2,549,2026-09-21T00:00:00
E00072,2026-09-13,S04,P013,5,1999,2026-09-21T00:00:00
E00073,2026-09-14,S04,P014,4,549,2026-09-21T00:00:00
E00074,2026-09-15,S04,P015,1,1999,2026-09-21T00:00:00
E00075,2026-09-16,S04,P001,3,999,2026-09-21T00:00:00
E00076,2026-09-17,S04,P002,1,999,2026-09-21T00:00:00
E00077,2026-09-18,S04,P003,5,549,2026-09-21T00:00:00
E00078,2026-09-19,S04,P004,1,4999,2026-09-21T00:00:00
E00079,2026-09-20,S04,P005,1,999,2026-09-21T00:00:00
E00080,2026-09-01,S01,P006,2,4999,2026-09-21T00:00:00
E00081,2026-09-02,S01,P007,5,999,2026-09-21T00:00:00
E00082,2026-09-03,S01,P008,3,4999,2026-09-21T00:00:00
E00083,2026-09-04,S01,P009,2,999,2026-09-21T00:00:00
E00084,2026-09-05,S01,P010,3,4999,2026-09-21T00:00:00
E00085,2026-09-06,S01,P011,3,4999,2026-09-21T00:00:00
E00086,2026-09-07,S01,P012,5,4999,2026-09-21T00:00:00
E00087,2026-09-08,S01,P013,1,999,2026-09-21T00:00:00
E00088,2026-09-09,S01,P014,2,549,2026-09-21T00:00:00
E00089,2026-09-10,S01,P015,3,549,2026-09-21T00:00:00
E00090,2026-09-11,S01,P001,5,999,2026-09-21T00:00:00
E00091,2026-09-12,S01,P002,5,999,2026-09-21T00:00:00
E00092,2026-09-13,S01,P003,1,549,2026-09-21T00:00:00
E00093,2026-09-14,S01,P004,1,999,2026-09-21T00:00:00
E00094,2026-09-15,S01,P005,1,549,2026-09-21T00:00:00
E00095,2026-09-16,S01,P006,3,549,2026-09-21T00:00:00
E00096,2026-09-17,S01,P007,5,999,2026-09-21T00:00:00
E00097,2026-09-18,S01,P008,3,4999,2026-09-21T00:00:00
E00098,2026-09-19,S01,P009,2,999,2026-09-21T00:00:00
E00099,2026-09-20,S01,P010,5,4999,2026-09-21T00:00:00
E00100,2026-09-01,S02,P011,2,4999,2026-09-21T00:00:00
BADE00001,2026-09-02,S01,P002,0,549,2026-09-21T00:00:00
BADE00002,2026-09-03,S01,P003,0,999,2026-09-21T00:00:00
BADE00003,2026-09-04,S01,P004,0,999,2026-09-21T00:00:00
BADE00004,2026-09-05,S01,P005,0,549,2026-09-21T00:00:00
BADE00005,2026-09-06,S01,P006,0,4999,2026-09-21T00:00:00
BADE00006,2026-09-07,S01,P007,0,549,2026-09-21T00:00:00
BADE00007,2026-09-08,S01,P008,0,999,2026-09-21T00:00:00
BADE00008,2026-09-09,S01,P009,0,549,2026-09-21T00:00:00
BADE00009,2026-09-10,S01,P010,0,999,2026-09-21T00:00:00
BADE00010,2026-09-11,S01,P011,0,4999,2026-09-21T00:00:00
BADE00011,2026-09-12,S01,P012,0,4999,2026-09-21T00:00:00
BADE00012,2026-09-13,S01,P013,0,1999,2026-09-21T00:00:00
BADE00013,2026-09-14,S01,P014,0,999,2026-09-21T00:00:00
BADE00014,2026-09-15,S01,P015,0,1999,2026-09-21T00:00:00
BADE00015,2026-09-16,S01,P001,0,999,2026-09-21T00:00:00
BADE00016,2026-09-17,S01,P002,0,1999,2026-09-21T00:00:00
BADE00017,2026-09-18,S01,P003,0,549,2026-09-21T00:00:00
BADE00018,2026-09-19,S01,P004,0,549,2026-09-21T00:00:00
BADE00019,2026-09-20,S01,P005,0,1999,2026-09-21T00:00:00
BADE00020,2026-09-01,S02,P006,0,1999,2026-09-21T00:00:00
BADE00021,2026-09-02,S02,P007,0,4999,2026-09-21T00:00:00
BADE00022,2026-09-03,S02,P008,0,549,2026-09-21T00:00:00
BADE00023,2026-09-04,S02,P009,0,549,2026-09-21T00:00:00
BADE00024,2026-09-05,S02,P010,0,1999,2026-09-21T00:00:00
BADE00025,2026-09-06,S02,P011,0,1999,2026-09-21T00:00:00
BADE00026,2026-09-07,S02,P012,0,999,2026-09-21T00:00:00
BADE00027,2026-09-08,S02,P013,0,549,2026-09-21T00:00:00
BADE00028,2026-09-09,S02,P014,0,1999,2026-09-21T00:00:00
BADE00029,2026-09-10,S02,P015,0,999,2026-09-21T00:00:00
BADE00030,2026-09-11,S02,P001,0,4999,2026-09-21T00:00:00
E00001,2026-09-02,S01,P002,7,549,2026-09-22T00:00:00
E00002,2026-09-03,S01,P003,7,999,2026-09-22T00:00:00
E00003,2026-09-04,S01,P004,7,999,2026-09-22T00:00:00
E00004,2026-09-05,S01,P005,7,549,2026-09-22T00:00:00
E00005,2026-09-06,S01,P006,7,4999,2026-09-22T00:00:00
E00006,2026-09-07,S01,P007,7,549,2026-09-22T00:00:00
E00007,2026-09-08,S01,P008,7,999,2026-09-22T00:00:00
E00008,2026-09-09,S01,P009,7,549,2026-09-22T00:00:00
E00009,2026-09-10,S01,P010,7,999,2026-09-22T00:00:00
E00010,2026-09-11,S01,P011,7,4999,2026-09-22T00:00:00
E00011,2026-09-12,S01,P012,7,4999,2026-09-22T00:00:00
E00012,2026-09-13,S01,P013,7,1999,2026-09-22T00:00:00
E00013,2026-09-14,S01,P014,7,999,2026-09-22T00:00:00
E00014,2026-09-15,S01,P015,7,1999,2026-09-22T00:00:00
E00015,2026-09-16,S01,P001,7,999,2026-09-22T00:00:00
E00016,2026-09-17,S01,P002,7,1999,2026-09-22T00:00:00
E00017,2026-09-18,S01,P003,7,549,2026-09-22T00:00:00
E00018,2026-09-19,S01,P004,7,549,2026-09-22T00:00:00
E00019,2026-09-20,S01,P005,7,1999,2026-09-22T00:00:00
E00020,2026-09-01,S02,P006,7,1999,2026-09-22T00:00:00
